votenumber,voteid,votedate,majorityreq,result,votedesc,S289,S354,S317,S330,S396,S341,S342,S370,S343,S397,S307,S300,S275,S372,S308,S277,S309,S373,S252,S337,S287,S385,S374,S398,S266,S355,S375,S386,S253,S254,S376,S221,S357,S377,S331,S293,S153,S387,S388,S399,S359,S361,S344,S395,S236,S345,S393,S362,S389,S363,S311,S378,S057,S346,S405,S338,S369,S174,S400,S306,S322,S347,S288,S364,S229,S348,S379,S380,S349,S259,S323,S260,S401,S402,S381,S350,S313,S382,S353,S270,S404,S365,S324,S184,S403,S394,S284,S383,S314,S303,S384,S351,S326,S390,S327,S366,S316,S318,S247,S391,S406
1,116-2-1,2020-01-06 17:30:00,1/2,Cloture Motion Agreed to,On the Cloture Motion PN1039,3,1,1,1,1,1,1,3,1,1,1,1,1,1,1,1,1,1,1,1,1,1,1,1,1,1,1,1,1,1,1,1,1,1,0,1,1,0,1,1,1,1,1,1,1,1,1,1,1,1,3,1,1,3,1,1,3,1,1.0,1,0,1,1,1,1,1,3,1,1,1,1,1,1,1,1,1,3,1,0,1,1,1,3,1,1,1,1,1,1,1,1,1,1,1,1,3,1,1,0,1,
2,116-2-2,2020-01-07 12:16:00,1/2,Nomination Confirmed,On the Nomination PN1039,3,1,1,1,1,1,1,3,1,1,1,1,1,1,3,1,1,1,1,1,1,1,1,1,1,1,1,1,1,1,1,1,1,1,0,1,1,0,1,1,1,1,1,1,1,1,1,1,1,1,3,1,1,1,1,1,0,1,1.0,1,0,1,1,1,1,1,3,1,1,1,1,1,1,1,1,1,3,1,1,1,1,1,1,1,1,1,1,1,1,1,1,1,1,1,1,3,1,1,0,1,
3,116-2-3,2020-01-08 11:01:00,1/2,Cloture Motion Agreed to,On the Cloture Motion PN455,3,1,1,1,1,1,1,3,1,1,1,1,1,1,1,1,1,1,1,1,1,1,1,1,1,1,1,1,1,1,1,1,1,1,0,1,1,0,1,1,1,0,1,1,1,1,1,1,1,1,0,1,1,1,1,1,0,1,1.0,1,1,1,1,1,1,1,3,1,1,1,1,1,1,1,1,1,3,1,1,0,1,1,1,1,1,1,1,1,1,1,1,1,1,1,1,3,1,1,0,1,
,116-2-4,2020-01-08 11:33:00,1/2,Cloture Motion Agreed to,On the Cloture Motion PN897,3,0,1,0,1,0,1,3,1,1,0,1,0,1,0,0,0,1,1,0,1,0,1,1,1,1,1,0,0,1,1,0,1,1,0,1,1,0,0,1,0,0,1,1,1,1,0,0,1,0,0,1,0,1,1,0,0,1,1.0,0,0,1,1,0,0,1,3,0,1,0,1,1,1,0,1,1,3,1,0,0,1,1,0,1,0,0,0,1,0,1,1,1,0,0,0,3,0,1,0,1,
5,116-2-5,2020-01-08 11:56:00,1/2,Cloture Motion Agreed to,On the Cloture Motion PN966,3,1,1,1,1,0,1,3,1,1,0,1,0,1,1,0,0,1,1,0,1,0,1,1,1,1,1,0,0,1,1,0,1,1,0,1,1,0,1,1,0,0,1,1,1,1,0,0,1,0,0,1,1,1,1,1,0,1,1.0,1,0,1,1,0,0,1,3,1,1,1,1,1,1,1,1,1,3,1,0,0,1,1,1,1,0,0,0,1,0,1,1,1,1,0,0,3,1,1,0,1,
6,116-2-6,2020-01-08 17:00:00,1/2,Nomination Confirmed,On the Nomination PN455,3,1,1,1,1,1,1,0,1,1,1,1,1,1,1,1,1,1,1,1,1,1,1,1,1,1,1,1,1,1,1,1,1,1,0,1,1,0,1,1,1,1,1,1,1,1,1,1,1,1,0,1,1,1,1,1,0,1,1.0,1,1,1,1,1,1,1,3,1,1,1,1,1,1,1,1,1,0,1,1,0,1,1,1,1,1,1,1,1,1,1,1,1,1,1,1,3,1,1,0,1,
7,116-2-7,2020-01-08 17:37:00,1/2,Nomination Confirmed,On the Nomination PN897,3,0,1,0,1,0,1,0,1,1,0,1,0,1,0,0,0,1,1,0,1,0,1,1,1,1,1,0,0,1,1,0,1,1,0,1,1,0,0,1,0,0,1,1,1,1,0,0,1,0,0,1,0,1,1,0,0,1,1.0,0,0,1,1,0,0,1,3,0,1,0,1,1,1,0,1,1,0,1,0,0,1,1,0,1,0,0,0,1,0,1,1,1,0,0,0,0,0,1,0,1,
8,116-2-8,2020-01-08 17:53:00,1/2,Nomination Confirmed,On the Nomination PN966,3,1,1,1,1,1,1,0,1,1,1,1,1,1,1,1,1,1,1,1,1,1,1,1,1,1,1,1,1,1,1,1,1,1,0,1,1,0,1,1,1,1,1,1,1,1,1,1,1,1,0,1,1,1,1,1,0,1,1.0,1,1,1,1,1,1,1,3,1,1,1,1,1,1,1,1,1,0,1,1,1,1,1,1,1,1,1,1,1,1,1,1,1,1,1,1,0,1,1,1,1,
9,116-2-9,2020-01-09 11:04:00,1/2,Cloture Motion Agreed to,On the Cloture Motion PN1166,3,0,1,0,1,0,1,3,1,1,0,1,0,1,0,0,0,1,1,0,1,0,1,1,1,1,1,0,0,1,1,0,1,1,0,1,1,0,0,1,0,0,1,1,1,1,0,0,1,0,0,1,0,1,1,0,0,1,1.0,0,0,3,1,0,0,1,3,0,1,0,1,1,1,0,1,1,0,1,0,0,1,1,0,1,0,0,0,1,0,1,1,1,0,0,0,3,0,1,0,1,
10,116-2-10,2020-01-09 13:38:00,1/2,Nomination Confirmed,On the Nomination PN1166,3,0,1,0,1,0,1,3,1,1,0,1,0,1,0,0,0,1,1,0,1,0,1,1,1,1,1,0,0,1,1,0,1,1,0,1,1,0,0,1,0,0,1,1,1,1,0,0,1,0,0,1,0,1,1,0,0,1,1.0,0,0,3,1,0,0,1,3,0,1,0,1,1,1,0,1,1,3,1,0,0,1,1,0,1,0,0,0,1,0,1,1,1,0,0,0,3,0,1,0,1,
11,116-2-11,2020-01-13 17:31:00,1/2,Cloture Motion Agreed to,On the Cloture Motion PN1165,1,1,1,3,1,1,1,3,1,1,0,1,1,1,1,1,1,3,1,1,1,1,1,3,1,1,1,1,3,1,1,1,1,1,0,3,1,0,1,1,1,1,1,1,3,1,1,1,3,1,3,1,1,1,1,1,3,1,1.0,0,1,1,1,1,1,1,1,1,1,1,3,1,1,1,1,1,3,1,1,0,1,3,1,1,1,1,0,1,1,1,1,3,0,0,3,3,1,1,1,1,
12,116-2-12,2020-01-14 11:31:00,1/2,Nomination Confirmed,On the Nomination PN1165,1,1,1,1,1,1,1,3,1,1,0,1,1,1,1,1,1,3,1,1,1,1,1,3,1,1,1,1,1,1,1,1,1,1,0,1,1,0,1,1,1,1,1,1,3,3,1,1,3,1,3,1,1,1,1,1,3,1,1.0,0,1,1,1,3,1,1,1,1,1,1,1,1,1,1,1,1,3,1,1,0,1,1,1,1,1,1,0,1,1,1,1,1,0,0,1,3,1,1,1,1,
13,116-2-13,2020-01-16 11:00:00,3/5,Motion Agreed to,On the Motion (Motion to Waive All Applicable Budgetary Discipline Re: H.R. 5430),1,1,0,1,0,1,1,1,1,0,1,1,1,1,1,1,1,0,1,1,1,1,1,1,1,0,1,1,1,0,1,1,0,0,1,1,1,1,1,1,1,1,1,1,3,0,1,1,0,1,1,0,1,0,1,1,1,1,1.0,1,1,1,1,1,1,0,0,1,1,1,1,1,0,1,1,1,1,0,1,1,0,0,1,1,1,1,1,1,1,1,0,0,1,1,1,1,1,1,1,0,
14,116-2-14,2020-01-16 11:34:00,1/2,Bill Passed,On Passage of the Bill H.R. 5430,1,1,1,1,1,1,1,0,1,1,1,1,1,1,1,1,1,1,1,1,1,1,1,1,1,1,1,1,1,1,1,1,1,1,0,1,1,0,1,1,1,1,1,1,3,1,1,1,1,1,1,1,1,1,1,1,0,1,1.0,1,1,1,1,1,1,1,1,1,1,0,1,1,1,1,1,1,0,1,0,0,1,1,1,1,1,1,1,1,1,1,1,0,1,1,1,1,0,1,1,1,
15,116-2-15,2020-01-21 16:33:00,1/2,Motion to Table Agreed to,On the Motion to Table S.Amdt. 1284 to S.Res. 483 (No short title on file),1,0,1,0,1,0,1,0,1,1,0,1,0,1,0,0,0,1,1,0,1,0,1,1,1,1,1,0,0,1,1,0,1,1,0,1,1,0,0,1,0,0,1,1,1,1,0,0,1,0,0,1,0,1,1,0,0,1,1.0,0,0,1,1,0,0,1,1,0,1,0,1,1,1,0,1,1,0,1,0,0,1,1,0,1,0,0,0,1,0,1,1,1,0,0,0,0,0,1,0,1,
16,116-2-16,2020-01-21 18:25:00,1/2,Motion to Table Agreed to,On the Motion to Table S.Amdt. 1285 to S.Res. 483 (No short title on file),1,0,1,0,1,0,1,0,1,1,0,1,0,1,0,0,0,1,1,0,1,0,1,1,1,1,1,0,0,1,1,0,1,1,0,1,1,0,0,1,0,0,1,1,1,1,0,0,1,0,0,1,0,1,1,0,0,1,1.0,0,0,1,1,0,0,1,1,0,1,0,1,1,1,0,1,1,0,1,0,0,1,1,0,1,0,0,0,1,0,1,1,1,0,0,0,0,0,1,0,1,
17,116-2-17,2020-01-21 19:24:00,1/2,Motion to Table Agreed to,On the Motion to Table S.Amdt. 1286 to S.Res. 483 (No short title on file),1,0,1,0,1,0,1,0,1,1,0,1,0,1,0,0,0,1,1,0,1,0,1,1,1,1,1,0,0,1,1,0,1,1,0,1,1,0,0,1,0,0,1,1,1,1,0,0,1,0,0,1,0,1,1,0,0,1,1.0,0,0,1,1,0,0,1,1,0,1,0,1,1,1,0,1,1,0,1,0,0,1,1,0,1,0,0,0,1,0,1,1,1,0,0,0,0,0,1,0,1,
18,116-2-18,2020-01-21 21:21:00,1/2,Motion to Table Agreed to,On the Motion to Table S.Amdt. 1287 to S.Res. 483 (No short title on file),1,0,1,0,1,0,1,0,1,1,0,1,0,1,0,0,0,1,1,0,1,0,1,1,1,1,1,0,0,1,1,0,1,1,0,1,1,0,0,1,0,0,1,1,1,1,0,0,1,0,0,1,0,1,1,0,0,1,1.0,0,0,1,1,0,0,1,1,0,1,0,1,1,1,0,1,1,0,1,0,0,1,1,0,1,0,0,0,1,0,1,1,1,0,0,0,0,0,1,0,1,
19,116-2-19,2020-01-21 22:22:00,1/2,Motion to Table Agreed to,On the Motion to Table S.Amdt. 1288 to S.Res. 483 (No short title on file),1,0,1,0,1,0,1,0,1,1,0,1,0,1,0,0,0,1,1,0,1,0,1,1,1,1,1,0,0,1,1,0,1,1,0,1,1,0,0,1,0,0,1,1,1,1,0,0,1,0,0,1,0,1,1,0,0,1,1.0,0,0,1,1,0,0,1,1,0,1,0,1,1,1,0,1,1,0,1,0,0,1,1,0,1,0,0,0,1,0,1,1,1,0,0,0,0,0,1,0,1,
20,116-2-20,2020-01-21 23:12:00,1/2,Motion to Table Agreed to,On the Motion to Table S.Amdt. 1289 to S.Res. 483 (No short title on file),1,0,1,0,1,0,1,0,1,1,0,1,0,1,0,0,0,1,1,0,1,0,1,1,1,1,1,0,0,1,1,0,1,1,0,1,1,0,0,1,0,0,1,1,1,1,0,0,1,0,0,1,0,1,1,0,0,1,1.0,0,0,1,1,0,0,1,1,0,1,0,1,1,1,0,1,1,0,1,0,0,1,1,0,1,0,0,0,1,0,1,1,1,0,0,0,0,0,1,0,1,
21,116-2-21,2020-01-21 23:55:00,1/2,Motion to Table Agreed to,On the Motion to Table S.Amdt. 1290 to S.Res. 483 (No short title on file),1,0,1,0,1,0,1,0,1,1,0,1,0,1,0,0,0,1,1,0,1,0,1,1,1,1,1,0,0,1,1,0,1,1,0,1,1,0,0,1,0,0,1,1,1,1,0,0,1,0,0,1,0,1,1,0,0,1,1.0,0,0,1,1,0,0,1,1,0,1,0,1,1,1,0,1,1,0,1,0,0,1,1,0,1,0,0,0,1,0,1,1,1,0,0,0,0,0,1,0,1,
22,116-2-22,2020-01-22 00:56:00,1/2,Motion to Table Agreed to,On the Motion to Table S.Amdt. 1291 to S.Res. 483 (No short title on file),1,0,1,0,1,0,1,0,1,1,0,1,0,1,0,0,0,1,1,0,1,0,1,1,1,1,1,0,0,1,1,0,1,1,0,1,1,0,0,1,0,0,1,1,1,1,0,0,1,0,0,1,0,1,1,0,0,1,1.0,0,0,1,1,0,0,1,1,0,1,0,1,1,1,0,1,1,0,1,0,0,1,1,0,1,0,0,0,1,0,1,1,1,0,0,0,0,0,1,0,1,
23,116-2-23,2020-01-22 01:13:00,1/2,Motion to Table Agreed to,On the Motion to Table S.Amdt. 1292 to S.Res. 483 (No short title on file),1,0,1,0,1,0,1,0,1,1,0,1,0,1,0,0,0,1,1,0,1,0,1,1,1,1,1,0,0,1,1,0,1,1,0,1,1,0,0,1,0,0,1,1,1,1,0,0,1,0,0,1,0,1,1,0,0,1,1.0,0,0,1,1,0,0,1,1,0,1,0,1,1,1,0,1,1,0,1,0,0,1,1,0,1,0,0,0,1,0,1,1,1,0,0,0,0,0,1,0,1,
24,116-2-24,2020-01-22 01:21:00,1/2,Motion to Table Agreed to,On the Motion to Table S.Amdt. 1293 to S.Res. 483 (No short title on file),1,0,1,0,1,0,1,0,1,1,0,1,0,1,0,0,0,1,0,0,1,0,1,1,1,1,1,0,0,1,1,0,1,1,0,1,1,0,0,1,0,0,1,1,1,1,0,0,1,0,0,1,0,1,1,0,0,1,1.0,0,0,1,1,0,0,1,1,0,1,0,1,1,1,0,1,1,0,1,0,0,1,1,0,1,0,0,0,1,0,1,1,1,0,0,0,0,0,1,0,1,
25,116-2-25,2020-01-22 01:35:00,1/2,Motion to Table Agreed to,On the Motion to Table S.Amdt. 1294 to S.Res. 483 (No short title on file),1,0,1,0,1,0,1,0,1,1,0,1,0,1,0,0,0,1,1,0,1,0,1,1,1,1,1,0,0,1,1,0,1,1,0,1,1,0,0,1,0,0,1,1,1,1,0,0,1,0,0,1,0,1,1,0,0,1,1.0,0,0,1,1,0,0,1,1,0,1,0,1,1,1,0,1,1,0,1,0,0,1,1,0,1,0,0,0,1,0,1,1,1,0,0,0,0,0,1,0,1,
26,116-2-26,2020-01-22 01:41:00,1/2,Resolution Agreed to,On the Resolution S.Res. 483,1,0,1,0,1,0,1,0,1,1,0,1,0,1,0,0,0,1,1,0,1,0,1,1,1,1,1,0,0,1,1,0,1,1,0,1,1,0,0,1,0,0,1,1,1,1,0,0,1,0,0,1,0,1,1,0,0,1,1.0,0,0,1,1,0,0,1,1,0,1,0,1,1,1,0,1,1,0,1,0,0,1,1,0,1,0,0,0,1,0,1,1,1,0,0,0,0,0,1,0,1,
27,116-2-27,2020-01-31 17:35:00,1/2,Motion Rejected,On the Motion (Shall It Be In Order To Consider And Debate Any Motion To Subpoena Witnesses Or Documents),0,1,0,1,0,1,0,1,0,0,1,0,1,0,1,1,1,0,1,1,0,1,0,0,0,0,0,1,1,0,0,1,0,0,1,0,0,1,1,0,1,1,0,0,0,0,1,1,0,1,1,0,1,0,0,1,1,0,0.0,1,1,0,0,1,1,0,0,1,0,1,0,0,1,1,0,0,1,0,1,1,0,0,1,0,1,1,1,0,1,0,0,0,1,1,1,1,1,0,1,0,
28,116-2-28,2020-01-31 19:17:00,1/2,Motion to Table Agreed to,On the Motion to Table S.Amdt. 1295 to S.Res. 488 (No short title on file),1,0,1,0,1,0,1,0,1,1,0,1,0,1,0,0,0,1,1,0,1,0,1,1,1,1,1,0,0,1,1,0,1,1,0,1,1,0,0,1,0,0,1,1,1,1,0,0,1,0,0,1,0,1,1,0,0,1,1.0,0,0,1,1,0,0,1,1,0,1,0,1,1,1,0,1,1,0,1,0,0,1,1,0,1,0,0,0,1,0,1,1,1,0,0,0,0,0,1,0,1,
29,116-2-29,2020-01-31 19:26:00,1/2,Motion to Table Agreed to,On the Motion to Table S.Amdt. 1296 to S.Res. 488 (No short title on file),1,0,1,0,1,0,1,0,1,1,0,1,0,1,0,0,0,1,0,0,1,0,1,1,1,1,1,0,0,1,1,0,1,1,0,1,1,0,0,1,0,0,1,1,1,1,0,0,1,0,0,1,0,1,1,0,0,1,1.0,0,0,1,1,0,0,1,1,0,1,0,1,1,0,0,1,1,0,1,0,0,1,1,0,1,0,0,0,1,0,1,1,1,0,0,0,0,0,1,0,1,
30,116-2-30,2020-01-31 19:33:00,1/2,Motion to Table Agreed to,On the Motion to Table S.Amdt. 1297 to S.Res. 488 (No short title on file),1,0,1,0,1,0,1,0,1,1,0,1,0,1,0,0,0,1,0,0,1,0,1,1,1,1,1,0,0,1,1,0,1,1,0,1,1,0,0,1,0,0,1,1,1,1,0,0,1,0,0,1,0,1,1,0,0,1,1.0,0,0,1,1,0,0,1,1,0,1,0,1,1,0,0,1,1,0,1,0,0,1,1,0,1,0,0,0,1,0,1,1,1,0,0,0,0,0,1,0,1,
31,116-2-31,2020-01-31 19:42:00,1/2,Motion to Table Agreed to,On the Motion to Table S.Amdt. 1298 to S.Res. 488 (No short title on file),1,0,1,0,1,0,1,0,1,1,0,1,0,1,0,0,0,1,1,0,1,0,1,1,1,1,1,0,0,1,1,0,1,1,0,1,1,0,0,1,0,0,1,1,1,1,0,0,1,0,0,1,0,1,1,0,0,1,1.0,0,0,1,1,0,0,1,1,0,1,0,1,1,1,0,1,1,0,1,0,0,1,1,0,1,0,0,0,1,0,1,1,1,0,0,0,0,0,1,0,1,
32,116-2-32,2020-01-31 19:49:00,1/2,Resolution Agreed to,On the Resolution S.Res. 488,1,0,1,0,1,0,1,0,1,1,0,1,0,1,0,0,0,1,1,0,1,0,1,1,1,1,1,0,0,1,1,0,1,1,0,1,1,0,0,1,0,0,1,1,1,1,0,0,1,0,0,1,0,1,1,0,0,1,1.0,0,0,1,1,0,0,1,1,0,1,0,1,1,1,0,1,1,0,1,0,0,1,1,0,1,0,0,0,1,0,1,1,1,0,0,0,0,0,1,0,1,
33,116-2-33,2020-02-05 16:09:00,2/3,Not Guilty,Guilty or Not Guilty H.Res. 755,0,1,0,1,0,1,0,1,0,0,1,0,1,0,1,1,1,0,0,1,0,1,0,0,0,0,0,1,1,0,0,1,0,0,1,0,0,1,1,0,1,1,0,0,0,0,1,1,0,1,1,0,1,0,0,1,1,0,0.0,1,1,0,0,1,1,0,0,1,0,1,0,0,1,1,0,0,1,0,1,1,0,0,1,0,1,1,1,0,1,0,0,0,1,1,1,1,1,0,1,0,
34,116-2-34,2020-02-05 16:24:00,2/3,Not Guilty,Guilty or Not Guilty H.Res. 755,0,1,0,1,0,1,0,1,0,0,1,0,1,0,1,1,1,0,0,1,0,1,0,0,0,0,0,1,1,0,0,1,0,0,1,0,0,1,1,0,1,1,0,0,0,0,1,1,0,1,1,0,1,0,0,1,1,0,0.0,1,1,0,0,1,1,0,0,1,0,1,0,0,0,1,0,0,1,0,1,1,0,0,1,0,1,1,1,0,1,0,0,0,1,1,1,1,1,0,1,0,
35,116-2-35,2020-02-10 17:31:00,1/2,Cloture Motion Agreed to,On the Cloture Motion PN1325,1,0,1,3,1,0,1,0,1,1,0,1,0,1,0,0,0,1,1,0,1,0,1,3,1,1,1,0,0,1,1,0,1,1,0,3,1,0,0,1,0,0,3,1,1,1,0,0,3,0,3,1,0,1,1,0,3,1,1.0,0,0,1,1,0,0,3,1,0,1,0,1,1,1,0,1,1,3,1,3,0,3,1,0,1,0,0,0,1,0,1,1,3,0,0,0,3,0,1,0,1,
36,116-2-36,2020-02-11 14:15:00,1/2,Nomination Confirmed,On the Nomination PN1325,1,0,1,3,1,0,1,0,1,1,0,1,0,1,0,0,0,1,1,0,1,0,1,1,1,1,1,0,0,1,1,0,1,1,0,3,1,0,0,1,0,0,1,1,1,1,0,0,1,0,3,1,0,1,1,0,0,1,1.0,0,0,1,1,0,0,1,1,0,1,0,1,1,1,0,1,1,3,1,0,0,1,1,0,1,0,0,0,1,0,1,1,1,0,0,0,3,0,1,0,1,
37,116-2-37,2020-02-11 14:14:00,1/2,Cloture Motion Agreed to,On the Cloture Motion PN1326,1,0,1,3,1,0,1,0,1,1,0,1,0,1,0,0,0,1,1,0,1,0,1,1,1,1,1,0,0,1,1,0,1,1,0,3,1,0,0,1,0,0,1,1,1,1,0,0,1,0,3,1,0,1,1,0,0,1,1.0,0,0,1,1,0,0,1,1,0,1,0,1,1,1,0,1,1,3,1,0,0,1,1,0,1,0,0,0,1,0,1,3,1,3,0,1,3,0,1,0,1,
38,116-2-38,2020-02-11 14:59:00,1/2,Cloture Motion Agreed to,On the Cloture Motion PN1327,1,0,1,3,1,0,1,0,1,1,0,1,0,1,0,1,0,1,1,0,1,1,1,1,1,1,1,1,1,1,1,1,1,1,0,3,1,0,1,1,0,0,1,1,1,1,1,1,1,1,3,1,1,1,1,1,0,1,1.0,0,0,1,1,1,0,1,1,1,1,1,1,1,1,1,1,1,3,1,0,0,1,1,1,1,1,0,0,1,1,1,1,1,3,0,1,3,1,1,0,1,
39,116-2-39,2020-02-11 15:23:00,1/2,Cloture Motion Agreed to,On the Cloture Motion PN894,1,1,1,3,1,1,1,0,1,1,0,1,0,1,1,1,1,1,1,1,1,1,1,1,1,1,1,1,1,1,1,1,1,1,0,3,1,0,1,1,1,0,1,1,1,1,1,1,1,1,3,1,1,1,1,1,0,1,1.0,1,1,1,1,1,0,1,1,1,1,1,1,1,1,1,1,1,3,1,1,0,1,1,1,1,1,1,0,1,1,1,1,1,3,0,1,3,1,1,0,1,
40,116-2-40,2020-02-11 15:41:00,1/2,Cloture Motion Agreed to,On the Cloture Motion PN229,1,0,1,3,1,0,1,0,1,1,1,1,0,1,1,1,0,1,1,1,1,0,1,1,1,1,1,0,1,1,1,1,1,1,0,3,1,0,1,1,0,0,1,1,1,1,1,1,1,1,3,1,1,1,1,1,0,1,1.0,1,0,1,1,1,0,1,1,1,1,1,1,1,1,0,1,1,3,1,0,1,1,1,1,1,1,0,1,1,1,1,3,1,3,1,1,3,1,1,0,1,
41,116-2-41,2020-02-12 10:36:00,1/2,Nomination Confirmed,On the Nomination PN1326,1,0,1,3,1,0,1,0,1,1,0,1,0,1,0,0,0,1,1,0,1,0,1,1,1,1,1,0,0,1,1,0,1,1,0,1,1,0,0,1,0,0,1,1,1,3,0,0,1,0,3,1,0,1,1,1,0,1,1.0,0,0,1,1,0,0,1,1,0,1,0,1,1,1,0,1,1,3,1,0,0,1,1,0,1,1,0,0,1,0,1,1,1,0,0,0,3,0,1,0,1,
42,116-2-42,2020-02-12 11:09:00,1/2,Nomination Confirmed,On the Nomination PN1327,1,0,1,3,1,0,1,0,1,1,0,1,0,1,0,1,0,1,1,0,1,1,1,1,1,1,1,1,1,1,1,1,1,1,0,1,1,0,1,1,0,0,1,1,1,3,1,1,1,1,3,1,1,1,1,1,0,1,1.0,0,0,1,1,1,0,1,1,1,1,1,1,1,1,1,1,1,3,1,0,0,1,1,1,1,1,0,0,1,1,1,1,1,0,0,1,3,1,1,0,1,
43,116-2-43,2020-02-12 11:31:00,1/2,Nomination Confirmed,On the Nomination PN894,1,1,1,3,1,1,1,0,1,1,0,1,0,1,1,1,1,1,1,1,1,1,1,1,1,1,1,1,1,1,1,1,1,1,0,1,1,0,1,1,3,1,1,1,1,3,1,1,1,1,3,1,1,1,1,1,0,1,1.0,1,1,1,1,1,0,1,1,1,1,1,1,1,1,1,1,3,3,1,1,0,1,1,1,1,1,1,0,1,1,1,1,1,0,0,1,3,1,1,0,1,
44,116-2-44,2020-02-12 11:51:00,1/2,Nomination Confirmed,On the Nomination PN229,1,0,1,3,1,0,1,0,1,1,1,1,0,1,1,1,0,1,1,1,1,0,1,1,1,1,1,0,1,1,1,1,1,1,0,1,1,0,1,1,0,0,1,1,1,1,1,1,1,1,3,1,1,1,1,1,0,1,1.0,1,0,1,1,1,0,1,1,1,1,1,1,1,1,0,1,1,3,1,0,1,1,1,1,1,1,0,1,1,1,1,1,1,0,1,1,3,1,1,0,1,
45,116-2-45,2020-02-12 14:00:00,1/2,Motion to Proceed Agreed to,On the Motion to Proceed S.J.Res. 68,1,1,0,3,0,1,0,1,0,0,1,0,1,0,1,1,1,1,1,1,0,1,0,0,0,0,0,1,1,0,0,1,0,0,1,0,0,1,1,0,1,1,0,0,0,0,1,1,0,1,3,0,1,1,0,1,1,0,0.0,1,1,1,1,1,1,1,0,1,0,1,0,0,0,1,0,0,3,0,1,1,0,0,1,0,1,1,1,0,1,0,0,0,1,1,1,3,1,0,1,1,
46,116-2-46,2020-02-13 10:39:00,1/2,Amendment Agreed to,On the Amendment S.Amdt. 1301 to S.J.Res. 68 (No short title on file),1,0,1,0,1,0,1,0,1,1,0,1,0,1,0,1,0,1,1,0,1,1,1,1,1,1,1,0,0,1,1,0,1,1,0,1,1,0,1,1,0,0,1,1,1,1,1,0,1,1,0,1,0,1,1,1,3,1,1.0,0,0,1,1,0,0,1,1,1,1,0,1,1,1,1,1,1,3,1,0,0,1,1,1,1,1,0,1,1,0,1,1,1,0,0,0,0,0,1,0,1,
47,116-2-47,2020-02-13 11:11:00,1/2,Amendment Agreed to,On the Amendment S.Amdt. 1322 to S.J.Res. 68 (No short title on file),1,1,1,1,1,1,1,1,1,1,1,1,1,1,1,1,1,1,1,1,1,1,1,1,1,1,1,1,1,1,1,1,1,1,1,1,1,1,1,1,1,1,1,1,1,1,1,1,1,1,1,1,1,1,1,1,3,1,1.0,1,1,1,1,1,1,1,1,1,1,1,1,1,1,1,1,1,1,1,1,1,1,1,1,1,1,1,1,1,1,1,1,1,1,1,1,1,1,1,1,1,
48,116-2-48,2020-02-13 11:34:00,1/2,Motion to Table Agreed to,On the Motion to Table S.Amdt. 1305 to S.J.Res. 68 (No short title on file),1,1,0,1,0,1,0,1,0,0,1,0,1,0,1,1,1,1,1,1,0,1,0,0,0,0,0,1,1,0,0,1,0,0,1,0,0,1,1,0,1,1,0,0,0,0,1,1,0,1,1,0,1,1,0,1,1,0,0.0,1,1,0,1,1,1,1,0,1,0,1,0,0,0,1,0,0,1,0,1,1,0,0,1,0,1,1,1,0,1,0,0,0,1,1,1,1,1,0,1,1,
49,116-2-49,2020-02-13 11:58:00,1/2,Amendment Agreed to,On the Amendment S.Amdt. 1314 to S.J.Res. 68 (No short title on file),1,1,1,1,1,1,1,1,1,1,1,1,1,1,1,1,1,1,1,1,1,1,1,1,1,1,1,1,1,1,1,1,1,1,0,1,1,1,1,1,1,1,1,1,1,1,1,1,1,1,1,1,0,1,1,1,0,1,1.0,1,1,1,1,0,1,1,1,1,1,1,1,1,1,1,1,1,0,1,1,1,1,1,1,1,1,1,1,1,1,1,1,1,0,1,1,0,1,1,1,1,
50,116-2-50,2020-02-13 12:18:00,1/2,Motion to Table Agreed to,On the Motion to Table S.Amdt. 1320 to S.J.Res. 68 (No short title on file),0,1,0,1,0,1,0,1,0,0,1,0,1,0,1,1,1,1,1,1,0,1,0,0,0,0,0,1,1,0,0,1,0,0,1,0,0,1,1,0,1,1,0,0,0,0,1,1,0,1,1,0,1,1,0,1,1,0,0.0,1,1,1,1,1,1,1,0,1,0,1,0,0,0,1,0,0,1,0,1,1,0,0,1,0,1,1,1,0,1,0,0,0,1,1,1,1,1,0,1,1,
51,116-2-51,2020-02-13 12:39:00,1/2,Motion to Table Agreed to,On the Motion to Table S.Amdt. 1319 to S.J.Res. 68 (No short title on file),0,1,0,1,0,1,0,1,0,0,1,0,1,0,1,1,1,0,1,1,0,1,0,0,0,0,0,1,1,0,0,1,0,0,1,0,0,1,1,0,1,1,0,0,0,0,1,1,0,1,1,0,1,1,0,1,1,0,0.0,1,1,1,0,1,1,1,0,1,0,1,0,0,0,1,0,0,1,0,1,1,0,0,1,0,1,1,1,0,1,0,0,0,1,1,1,1,1,0,1,0,
52,116-2-52,2020-02-13 13:37:00,1/2,Joint Resolution Passed,On the Joint Resolution S.J.Res. 68,1,1,0,1,0,1,0,1,0,0,1,0,1,0,1,1,1,1,1,1,0,1,0,0,0,0,0,1,1,0,0,1,0,0,1,0,0,1,1,0,1,1,0,0,0,0,1,1,0,1,1,0,1,1,0,1,1,0,0.0,1,1,1,1,1,1,1,0,1,0,1,0,0,0,1,0,0,1,0,1,1,0,0,1,0,1,1,1,0,1,0,0,0,1,1,1,1,1,0,1,1,
53,116-2-53,2020-02-24 17:34:00,1/2,Cloture Motion Agreed to,On the Cloture Motion PN854,1,1,1,1,1,1,1,1,1,1,1,3,1,1,1,1,1,1,1,1,1,1,1,3,1,1,1,1,1,1,1,3,1,1,1,1,1,1,1,1,1,0,1,1,1,1,1,1,1,1,3,1,1,1,1,1,3,1,3.0,1,1,1,3,1,1,1,1,1,1,1,1,1,1,1,1,3,3,1,1,1,1,1,1,1,1,1,1,1,1,1,1,3,1,1,1,3,1,1,1,1,
54,116-2-54,2020-02-25 11:30:00,1/2,Nomination Confirmed,On the Nomination PN854,1,1,1,1,1,1,1,1,1,1,1,1,1,1,1,1,1,1,1,1,1,1,1,1,1,1,1,1,1,1,1,1,1,1,1,1,1,1,1,1,1,1,1,1,1,1,1,1,1,1,3,1,1,1,1,1,1,1,1.0,1,1,1,1,1,1,1,1,1,1,1,1,1,1,1,1,1,3,1,1,1,1,1,1,1,1,1,1,1,1,1,1,1,1,1,1,3,1,1,1,1,
55,116-2-55,2020-02-25 12:10:00,1/2,Cloture Motion Agreed to,On the Cloture Motion PN1168,1,1,1,1,1,1,1,1,1,1,1,1,1,1,1,1,1,1,1,1,1,1,1,1,1,1,1,1,1,1,1,1,1,1,1,1,1,1,1,1,1,0,1,1,1,1,1,1,1,1,3,1,1,1,1,1,1,1,1.0,1,1,1,1,1,1,1,1,1,1,1,1,1,1,1,1,1,3,1,1,1,1,1,1,1,1,1,1,1,1,1,1,1,1,1,1,3,1,1,1,1,
56,116-2-56,2020-02-25 12:32:00,1/2,Cloture Motion Agreed to,On the Cloture Motion PN1332,1,0,1,0,1,0,1,0,1,1,0,1,0,1,0,0,0,1,1,0,1,0,1,1,1,1,1,0,0,1,1,0,1,1,0,1,1,0,0,1,1,0,1,1,1,1,1,0,1,1,3,1,0,1,1,1,0,1,1.0,0,0,1,1,1,0,1,1,0,1,0,1,1,1,0,1,1,3,1,0,0,1,1,0,1,1,0,0,1,0,1,1,1,0,0,0,3,0,1,0,1,
57,116-2-57,2020-02-25 15:31:00,3/5,Cloture Motion Rejected,On the Cloture Motion S. 3275,1,0,1,0,1,0,1,0,1,1,0,1,0,1,0,0,1,1,0,0,1,0,1,1,1,1,1,0,0,1,1,0,1,1,0,1,1,0,0,1,0,0,1,1,1,1,0,0,1,0,3,1,0,1,1,1,0,1,1.0,0,0,1,0,0,0,1,1,0,1,0,1,1,1,0,1,1,3,1,0,0,1,1,0,1,0,0,0,1,0,1,1,1,0,0,0,3,0,1,0,1,
58,116-2-58,2020-02-25 16:06:00,3/5,Cloture Motion Rejected,On the Cloture Motion S. 311,1,0,1,0,1,0,1,0,1,1,0,1,0,1,0,0,1,1,1,0,1,0,1,1,1,1,1,0,0,1,1,0,1,1,0,1,1,0,0,1,0,0,1,1,1,1,1,0,1,0,3,1,0,1,1,1,0,1,1.0,0,0,1,1,0,0,1,1,0,1,0,1,1,1,0,1,1,3,1,0,0,1,1,0,1,0,0,0,1,0,1,1,1,0,0,0,3,0,1,0,1,
59,116-2-59,2020-02-25 16:33:00,1/2,Nomination Confirmed,On the Nomination PN1168,1,1,1,1,1,1,1,1,1,1,1,1,1,1,1,1,1,1,1,1,1,1,1,1,1,1,1,1,1,1,1,1,1,1,1,1,1,1,1,1,1,1,1,1,1,1,3,1,1,1,3,1,1,1,1,1,1,1,1.0,1,1,1,1,1,1,1,1,1,1,1,1,1,1,1,1,1,3,1,1,1,1,1,1,1,1,1,1,1,1,1,1,1,1,1,1,3,1,1,1,1,
60,116-2-60,2020-02-25 16:51:00,1/2,Nomination Confirmed,On the Nomination PN1332,1,0,1,0,1,0,1,0,1,1,0,1,0,1,0,0,0,1,1,0,1,0,1,1,1,1,1,0,0,1,1,0,1,1,0,1,1,0,0,1,1,0,1,1,1,1,3,0,1,1,3,1,0,1,1,1,0,1,1.0,0,0,1,1,1,0,1,1,0,1,0,1,1,1,0,1,1,3,1,0,0,1,1,0,1,1,0,0,1,0,1,1,1,0,0,0,3,0,1,0,1,
61,116-2-61,2020-02-25 17:11:00,1/2,Cloture Motion Agreed to,On the Cloture Motion PN365,1,1,1,1,1,1,1,0,1,1,1,1,1,1,1,1,1,1,1,1,1,1,1,1,1,1,1,1,1,1,1,1,1,1,0,1,1,0,1,1,1,0,1,1,1,1,3,1,1,1,3,1,1,1,1,1,0,1,1.0,1,1,1,1,1,1,1,1,1,1,1,1,1,1,1,1,1,3,1,1,1,1,1,1,1,1,1,1,1,1,1,1,1,1,1,1,3,1,1,1,1,
62,116-2-62,2020-02-27 13:47:00,1/2,Nomination Confirmed,On the Nomination PN365,3,1,1,1,1,1,1,0,1,1,1,1,1,1,3,1,1,1,1,1,1,1,1,1,1,3,1,1,3,1,1,1,1,1,0,1,1,0,1,1,3,1,1,1,1,1,1,1,1,1,3,1,1,1,1,1,3,1,1.0,1,1,3,1,1,1,1,3,1,1,1,1,1,1,1,1,1,3,1,3,1,1,1,1,1,1,1,1,1,1,1,1,1,1,1,1,3,1,1,1,1,
63,116-2-63,2020-03-02 17:32:00,3/5,Cloture on the Motion to Proceed Agreed to,On Cloture on the Motion to Proceed S. 2657,1,1,1,1,1,1,1,1,1,1,1,1,1,1,1,1,1,1,1,1,3,1,1,1,1,1,1,1,1,1,1,1,1,1,1,3,1,1,1,1,1,1,1,1,3,1,3,1,1,1,3,1,1,0,1,1,1,1,3.0,1,1,1,1,1,1,0,1,1,1,1,1,1,1,1,3,1,3,1,0,1,1,1,1,1,3,1,1,1,1,3,3,3,1,1,1,3,1,1,1,1,
64,116-2-64,2020-03-04 10:32:00,1/2,Motion to Proceed Agreed to,On the Motion to Proceed S. 2657,1,1,1,1,3,1,1,1,1,1,1,1,1,1,1,1,1,1,1,1,3,1,1,1,1,1,1,1,1,1,1,1,1,1,1,1,1,1,1,1,1,1,1,1,1,1,3,1,1,1,3,1,1,0,1,1,1,1,1.0,1,1,1,1,1,1,0,1,1,1,1,1,1,1,1,1,1,3,1,0,1,0,1,1,1,1,1,1,1,1,1,1,1,1,1,1,3,1,1,1,1,
65,116-2-65,2020-03-05 11:59:00,1/2,Motion to Table Agreed to,On the Motion to Table S.Amdt. 1506 to H.R. 6074 (No short title on file),1,1,1,1,0,1,1,1,1,0,1,1,1,1,1,1,1,1,1,1,1,1,1,1,0,0,0,1,1,3,0,1,1,1,1,1,1,1,1,1,1,1,1,1,1,0,1,1,0,1,1,0,1,0,0,1,3,1,1.0,1,1,1,1,1,1,0,0,1,1,1,0,1,1,1,1,1,3,1,1,1,1,1,1,1,1,1,1,1,1,1,1,0,1,1,1,3,1,1,1,1,
66,116-2-66,2020-03-05 13:44:00,3/5,Bill Passed,On Passage of the Bill H.R. 6074,1,1,1,1,1,1,1,1,1,1,1,1,1,1,1,1,1,1,1,1,1,1,1,1,1,1,1,1,1,3,1,1,1,1,1,1,1,1,1,1,1,1,1,1,1,1,1,1,1,1,1,1,1,1,1,1,1,1,1.0,1,1,1,1,1,1,0,1,1,1,1,1,1,1,1,1,1,3,1,1,1,1,1,1,1,1,1,1,1,1,1,1,1,1,1,1,3,1,1,1,1,
67,116-2-67,2020-03-09 17:32:00,3/5,Cloture Motion Rejected,On the Cloture Motion S.Amdt. 1407 to S. 2657 (Advanced Geothermal Innovation Leadership Act of 2019),1,0,1,0,0,0,1,3,1,0,0,1,0,3,0,0,1,3,1,0,0,1,1,1,0,3,1,0,0,1,1,0,1,1,0,1,1,3,1,1,0,0,1,1,0,0,1,1,0,1,0,0,1,0,1,1,3,0,1.0,0,0,0,1,0,0,0,1,0,1,1,1,1,1,1,0,1,3,0,0,0,0,1,1,0,1,0,0,1,0,1,1,3,0,0,1,3,1,1,0,1,
68,116-2-68,2020-03-09 18:11:00,3/5,Cloture Motion Rejected,On the Cloture Motion S. 2657,1,0,0,0,0,0,1,3,0,0,0,1,0,3,0,0,0,3,0,0,0,0,3,0,0,3,0,0,0,0,1,0,0,0,0,1,0,3,0,3,0,0,0,0,0,0,0,0,0,0,0,0,0,0,1,0,3,0,0.0,0,0,0,1,0,0,0,1,0,0,0,0,1,0,0,0,1,3,0,0,0,0,0,0,3,0,0,0,1,0,1,1,3,0,0,0,3,0,1,0,1,
69,116-2-69,2020-03-10 17:09:00,1/2,Motion to Proceed Agreed to,On the Motion to Proceed S.J.Res. 56,0,1,0,1,0,1,0,1,0,0,1,0,1,1,1,1,1,0,1,1,0,1,0,0,0,3,0,1,1,0,1,1,0,1,1,0,0,1,1,1,1,1,0,3,0,0,1,1,0,1,1,0,1,0,0,1,1,0,1.0,1,1,0,1,1,1,0,0,1,1,1,0,0,0,1,0,0,3,0,1,1,0,0,1,0,1,1,1,1,1,0,0,0,1,1,1,3,1,0,1,1,
70,116-2-70,2020-03-11 12:01:00,1/2,Joint Resolution Passed,On the Joint Resolution H.J.Res. 76,0,1,0,1,0,1,0,1,0,0,1,0,1,1,1,1,1,0,1,1,0,1,0,0,0,3,0,1,1,0,1,1,0,1,1,0,0,1,1,1,1,1,0,0,0,0,1,1,0,1,3,0,1,0,0,1,1,0,1.0,1,1,0,1,3,1,0,0,1,1,1,0,0,0,1,0,0,3,0,1,1,0,0,1,0,1,1,1,1,1,0,0,0,1,1,1,3,1,0,1,1,
71,116-2-71,2020-03-12 11:45:00,1/2,Cloture Motion Agreed to,On the Cloture Motion PN1498,1,0,1,0,1,0,1,0,1,1,0,1,3,1,0,0,0,1,1,0,1,0,1,1,1,3,1,0,0,1,1,0,1,1,0,1,1,0,0,1,0,0,1,1,1,1,1,0,1,0,3,1,0,1,1,1,0,1,1.0,0,0,1,1,0,0,1,3,0,1,0,1,1,1,0,1,1,3,1,0,0,1,1,0,1,1,0,0,1,0,1,1,1,0,0,0,3,0,1,0,1,
72,116-2-72,2020-03-12 13:46:00,1/2,Nomination Confirmed,On the Nomination PN1498,1,0,1,0,1,0,1,0,1,1,0,1,3,1,0,0,0,1,1,0,1,0,1,1,1,3,1,0,0,1,1,0,1,1,0,1,1,0,0,1,0,0,1,1,1,1,1,0,1,0,3,1,0,1,1,1,0,1,1.0,0,0,3,1,0,0,1,3,0,1,0,1,1,1,0,1,1,3,1,0,0,3,1,0,1,1,0,0,1,0,1,1,1,0,0,0,3,0,1,0,1,
73,116-2-73,2020-03-18 12:06:00,3/5,Amendment Rejected,On the Amendment S.Amdt. 1556 to H.R. 6201 (Families First Coronavirus Response Act),0,0,0,0,0,0,0,0,0,1,0,0,0,0,0,0,0,0,0,0,0,0,0,0,0,0,0,0,0,0,0,0,0,3,0,0,0,0,0,0,0,0,0,0,0,0,0,0,0,0,0,0,0,1,0,0,0,0,0.0,0,0,0,0,0,0,1,0,0,0,0,0,0,0,0,0,0,0,0,0,0,3,0,0,0,0,0,0,0,0,0,0,0,0,0,0,0,0,0,0,0,
74,116-2-74,2020-03-18 14:05:00,3/5,Amendment Rejected,On the Amendment S.Amdt. 1559 to H.R. 6201 (Families First Coronavirus Response Act),0,1,0,1,0,1,0,1,0,0,1,0,1,0,1,1,1,0,0,1,0,1,0,0,0,0,0,1,1,0,0,1,0,3,1,0,0,1,1,0,1,1,0,0,0,0,1,1,0,1,1,0,1,0,0,1,1,0,0.0,1,1,0,0,1,1,0,0,1,0,1,0,0,0,1,0,0,1,0,1,1,3,0,1,0,1,1,1,0,1,0,0,0,1,1,1,1,1,0,1,0,
75,116-2-75,2020-03-18 14:53:00,3/5,Amendment Rejected,On the Amendment S.Amdt. 1558 to H.R. 6201 (Families First Coronavirus Response Act),1,0,1,0,1,0,1,0,1,1,0,1,0,1,0,0,0,1,0,0,1,0,1,1,1,1,1,0,0,1,1,0,1,3,0,1,1,0,0,1,0,0,1,1,1,1,0,0,1,0,0,1,0,1,1,1,0,1,1.0,0,0,1,0,0,0,1,1,0,1,0,1,1,0,0,1,1,0,1,0,0,3,1,0,1,1,0,0,1,0,1,1,1,0,0,0,0,0,1,0,1,
76,116-2-76,2020-03-18 15:32:00,3/5,Bill Passed,On Passage of the Bill H.R. 6201,1,1,1,1,0,1,1,1,1,1,1,1,1,1,1,1,1,1,1,1,1,1,1,1,1,1,1,1,1,1,1,1,1,3,1,1,1,1,1,1,1,1,1,1,0,0,1,1,1,1,1,0,1,0,1,1,1,1,1.0,1,1,1,1,1,1,0,1,1,1,1,1,1,1,1,1,1,1,0,1,1,3,0,1,1,1,1,1,1,1,1,1,1,1,1,1,1,1,1,1,1,
77,116-2-77,2020-03-22 18:03:00,3/5,Cloture on the Motion to Proceed Rejected,On Cloture on the Motion to Proceed H.R. 748,1,0,1,0,1,0,1,0,1,1,0,1,0,1,0,0,0,1,1,0,1,0,1,1,1,1,1,0,0,1,1,0,1,3,0,1,1,0,0,1,0,0,1,1,1,1,0,0,1,0,0,1,0,3,1,0,0,0,1.0,0,0,1,1,0,0,3,1,0,1,0,1,1,3,0,1,1,3,1,0,0,3,1,0,1,0,0,0,1,0,1,1,1,0,0,0,0,0,1,0,1,
78,116-2-78,2020-03-23 13:29:00,3/5,Cloture on the Motion to Proceed Rejected,On Cloture on the Motion to Proceed H.R. 748,1,0,1,0,1,0,1,0,1,1,0,1,0,1,0,0,0,1,1,0,1,0,1,1,1,1,1,0,0,1,1,0,1,3,0,1,1,0,0,1,0,0,1,1,1,1,1,0,1,0,0,1,0,3,1,0,0,1,1.0,0,0,1,1,0,0,3,1,0,1,0,1,1,3,0,1,1,0,1,0,0,3,1,0,1,0,0,0,1,0,1,1,1,0,0,0,0,0,1,0,1,
79,116-2-79,2020-03-25 22:41:00,3/5,Amendment Rejected,On the Amendment S.Amdt. 1577 to S.Amdt. 1578 to H.R. 748 (Middle Class Health Benefits Tax Repeal Act of 2019),1,0,1,0,1,0,1,0,1,1,0,1,0,1,0,0,0,1,0,0,1,0,1,1,1,1,1,0,0,1,1,0,1,0,0,1,1,0,0,1,0,0,1,1,1,1,0,0,1,0,0,1,0,3,1,1,0,1,1.0,0,0,1,1,0,0,3,1,0,1,0,1,1,3,0,1,1,0,1,0,0,1,1,0,1,0,0,0,1,0,3,1,1,0,0,0,0,0,1,0,1,
80,116-2-80,2020-03-25 23:17:00,3/5,Bill Passed,On Passage of the Bill H.R. 748,1,1,1,1,1,1,1,1,1,1,1,1,1,1,1,1,1,1,1,1,1,1,1,1,1,1,1,1,1,1,1,1,1,1,1,1,1,1,1,1,1,1,1,1,1,1,1,1,1,1,1,1,1,3,1,1,1,1,1.0,1,1,1,1,1,1,3,1,1,1,1,1,1,3,1,1,1,1,1,1,1,1,1,1,1,1,1,1,1,1,3,1,1,1,1,1,1,1,1,1,1,
81,116-2-81,2020-05-04 17:32:00,1/2,Nomination Confirmed,On the Nomination PN1247,1,1,1,1,1,1,1,1,1,1,3,1,1,1,1,1,1,1,1,1,1,1,1,3,1,1,1,1,1,1,1,1,1,1,1,1,1,1,1,1,3,1,1,1,1,1,1,1,1,1,1,1,3,3,1,1,1,1,1.0,1,1,3,1,1,3,1,1,1,1,1,1,1,1,1,1,3,3,1,3,1,1,1,1,1,1,1,3,1,1,1,1,1,3,1,1,1,3,1,1,1,
82,116-2-82,2020-05-06 12:00:00,1/2,Cloture Motion Agreed to,On the Cloture Motion PN192,1,1,1,1,1,0,1,1,1,1,3,3,1,1,1,1,1,1,1,1,1,1,1,1,1,1,1,0,1,1,1,1,1,1,1,1,1,1,1,1,1,0,1,1,1,1,1,1,1,1,1,1,3,1,1,1,0,1,1.0,1,0,3,1,1,3,1,1,1,1,1,1,1,1,1,1,1,3,1,3,1,1,1,1,1,1,1,3,1,1,1,1,1,1,0,1,3,3,1,0,1,
83,116-2-83,2020-05-06 14:06:00,1/2,Nomination Confirmed,On the Nomination PN192,1,1,1,1,1,0,1,1,1,1,3,3,1,1,1,1,1,1,1,1,1,1,1,1,1,1,1,0,1,1,1,1,1,1,1,1,1,1,1,1,1,0,1,1,1,1,1,1,1,1,1,1,3,1,1,1,0,1,1.0,1,0,3,1,1,3,1,1,1,1,1,1,1,1,1,1,1,3,1,3,1,1,1,1,1,1,1,3,1,1,1,1,1,1,1,1,0,3,1,0,1,
84,116-2-84,2020-05-07 13:30:00,2/3,Veto Sustained,On Overriding the Veto S.J.Res. 68,1,1,0,1,0,1,0,1,0,0,3,3,1,0,1,1,1,1,1,1,0,1,0,0,0,0,0,1,1,0,0,1,0,0,1,0,0,1,1,0,1,1,0,0,0,0,1,1,0,1,1,0,1,1,0,1,1,0,0.0,1,1,3,1,1,3,1,0,1,0,1,0,0,0,1,0,0,3,0,3,1,0,0,1,0,1,1,3,0,1,0,0,0,1,1,1,1,1,0,1,1,
85,116-2-85,2020-05-11 17:31:00,1/2,Cloture Motion Agreed to,On the Cloture Motion PN1155,3,0,1,1,1,0,1,0,1,1,0,1,0,1,3,1,0,1,1,1,1,0,1,1,1,1,1,0,0,1,1,0,1,1,0,1,1,0,0,1,0,0,1,1,1,1,1,0,1,1,0,1,3,1,1,1,3,1,1.0,1,3,1,1,1,3,1,1,0,1,0,1,1,1,0,1,3,3,3,0,0,1,1,0,1,1,0,0,1,1,1,1,3,0,0,1,0,3,1,0,1,
86,116-2-86,2020-05-12 12:01:00,1/2,Nomination Confirmed,On the Nomination PN1155,3,0,1,0,1,0,1,0,1,1,0,1,0,1,0,1,0,1,1,1,1,0,1,1,1,1,1,0,0,1,1,0,1,1,0,1,1,0,0,1,0,0,1,1,1,1,1,0,1,1,0,1,3,1,1,1,3,1,1.0,1,0,1,1,1,3,1,1,0,1,0,1,1,1,0,1,1,3,3,0,0,1,1,0,1,1,0,0,1,1,1,1,1,0,0,1,0,3,1,0,1,
87,116-2-87,2020-05-12 14:15:00,1/2,Cloture Motion Agreed to,On the Cloture Motion PN514,3,0,1,0,1,0,1,0,1,1,0,1,0,1,0,1,0,1,1,0,1,0,1,1,1,1,1,1,0,1,1,0,1,1,0,1,1,0,1,1,0,0,1,1,1,1,1,1,1,1,0,1,3,1,1,1,3,1,1.0,0,0,1,1,0,3,1,1,1,1,0,1,1,1,0,1,1,3,3,0,0,1,1,0,1,1,0,0,1,1,1,1,1,0,0,1,0,3,1,0,1,
88,116-2-88,2020-05-12 16:29:00,1/2,Nomination Confirmed,On the Nomination PN514,3,0,1,0,1,0,1,0,1,1,0,1,0,1,0,1,0,1,1,0,1,0,1,1,1,1,1,1,0,1,1,0,1,1,0,1,1,0,1,1,0,0,1,1,1,1,1,1,1,1,0,1,3,1,1,1,3,1,1.0,0,0,1,1,0,3,1,1,1,1,0,1,1,1,0,1,1,3,3,0,0,1,1,0,1,1,0,0,1,1,1,1,1,0,0,1,0,3,1,0,1,
89,116-2-89,2020-05-13 12:15:00,3/5,Amendment Rejected,On the Amendment S.Amdt. 1583 to H.R. 6172 (USA FREEDOM Reauthorization Act of 2020),3,1,0,1,0,1,0,1,0,1,1,0,1,0,1,0,0,1,0,1,0,1,0,1,1,1,1,1,1,1,1,0,0,1,1,0,1,1,0,1,1,1,1,0,0,0,0,0,1,1,1,0,1,1,1,0,1,0,1.0,1,1,1,1,1,3,1,0,1,0,1,1,0,0,1,1,0,3,3,1,1,1,1,0,0,1,1,1,1,1,0,0,0,1,1,0,1,0,0,1,0,
90,116-2-90,2020-05-13 16:20:00,3/5,Amendment Agreed to,On the Amendment S.Amdt. 1584 to H.R. 6172 (USA FREEDOM Reauthorization Act of 2020),3,1,1,1,1,1,0,1,0,1,1,0,1,0,1,1,1,1,1,1,0,1,0,1,1,1,1,1,1,1,1,1,0,1,1,0,1,1,1,1,1,1,1,0,0,1,1,1,1,1,1,1,1,1,1,0,1,0,1.0,1,1,1,1,1,3,1,1,1,1,1,1,0,0,1,1,0,3,3,1,1,1,1,1,0,1,1,1,1,1,0,1,1,1,1,0,1,1,1,1,0,
91,116-2-91,2020-05-14 11:59:00,3/5,Amendment Rejected,On the Amendment S.Amdt. 1586 to H.R. 6172 (USA FREEDOM Reauthorization Act of 2020),3,0,0,0,1,0,0,0,0,1,0,0,0,0,0,0,0,0,0,0,0,0,0,0,0,1,1,0,0,0,0,0,0,0,0,0,0,0,0,0,0,0,0,0,0,0,0,0,1,0,0,0,0,1,0,0,0,0,3.0,0,0,1,1,0,0,1,0,0,0,0,0,0,0,0,0,0,3,3,0,0,1,0,0,0,0,0,0,1,0,0,0,0,0,0,0,0,0,0,0,0,
92,116-2-92,2020-05-14 13:24:00,3/5,Bill Passed,On Passage of the Bill H.R. 6172,3,0,1,1,1,1,1,1,1,1,0,0,0,1,1,1,1,1,1,1,1,1,1,1,1,1,1,1,0,1,1,1,1,1,1,1,1,1,1,1,0,0,1,1,1,1,1,1,1,1,1,1,1,1,1,1,0,1,3.0,1,0,1,1,1,0,0,1,1,1,1,1,1,1,1,1,1,3,3,0,1,1,1,1,1,1,1,1,1,0,1,1,1,0,1,1,0,1,1,0,1,
93,116-2-93,2020-05-18 17:31:00,1/2,Cloture Motion Agreed to,On the Cloture Motion PN1174,3,1,1,1,1,0,1,0,1,1,3,3,0,1,3,1,0,1,1,1,1,1,1,1,1,1,1,1,0,1,1,1,1,1,0,1,1,0,1,1,0,0,1,1,1,1,1,1,1,1,0,1,3,1,1,1,3,1,1.0,0,0,3,1,1,0,1,1,3,1,0,1,1,1,1,3,3,3,1,0,0,1,1,1,1,1,1,0,1,1,1,1,1,0,0,1,0,3,1,0,1,
94,116-2-94,2020-05-19 11:57:00,1/2,Nomination Confirmed,On the Nomination PN1174,3,1,1,1,1,0,1,0,1,1,3,1,0,1,1,1,0,1,1,1,1,1,1,1,1,1,1,1,1,1,1,1,1,1,0,1,1,0,1,1,0,0,1,1,1,1,1,1,1,1,0,1,1,1,1,1,3,1,1.0,0,0,1,1,1,0,1,1,1,1,0,1,1,1,1,3,1,3,1,0,0,1,1,1,1,1,1,0,1,1,1,1,1,0,0,1,0,3,1,0,1,
95,116-2-95,2020-05-19 14:30:00,1/2,Cloture Motion Agreed to,On the Cloture Motion PN1600,3,0,1,0,1,0,1,0,1,1,3,3,0,1,0,0,0,1,1,0,1,0,1,1,1,1,1,0,0,1,1,0,1,1,0,1,1,0,0,1,0,0,1,1,1,1,0,0,1,0,0,1,0,1,1,0,3,1,1.0,0,0,1,1,0,0,1,1,0,1,0,1,1,1,0,3,1,3,1,0,0,1,1,0,1,0,0,0,1,0,1,1,1,0,0,0,0,3,1,0,1,
96,116-2-96,2020-05-19 16:38:00,1/2,Nomination Confirmed,On the Nomination PN1600,3,0,1,0,1,0,1,0,1,1,3,3,0,1,0,0,0,1,1,0,1,0,3,1,1,1,1,0,0,1,1,0,1,1,0,1,1,0,0,1,0,0,1,1,1,1,0,0,1,0,0,1,0,1,1,0,3,1,1.0,0,0,1,1,0,0,1,1,0,1,0,1,1,1,0,3,1,3,1,0,0,1,1,0,1,0,0,0,1,0,1,1,1,0,0,0,0,3,1,0,1,
97,116-2-97,2020-05-20 11:04:00,1/2,Cloture Motion Agreed to,On the Cloture Motion PN1438,3,1,1,0,1,0,1,0,1,1,3,3,0,1,1,1,1,1,1,0,1,1,1,1,1,1,1,1,1,1,1,1,1,1,0,1,1,0,1,1,0,0,1,1,1,1,1,1,1,1,0,1,1,1,1,1,3,1,1.0,0,0,1,3,1,0,1,1,1,1,1,1,1,1,1,3,1,3,1,0,0,1,1,1,1,1,1,0,1,1,1,1,1,0,0,1,0,3,1,0,1,
98,116-2-98,2020-05-20 12:46:00,1/2,Cloture Motion Agreed to,On the Cloture Motion PN1346,3,1,1,1,1,0,1,0,1,1,0,3,0,1,1,1,1,1,1,1,1,1,1,1,1,1,1,1,1,1,1,1,1,1,0,1,1,0,1,1,1,0,1,1,1,1,1,1,1,1,0,1,1,1,1,1,3,1,1.0,0,0,1,3,1,0,1,1,1,1,1,1,1,1,1,3,1,3,1,0,0,1,1,1,1,1,1,0,1,1,1,1,1,1,0,1,3,3,1,0,1,
99,116-2-99,2020-05-20 15:00:00,1/2,Nomination Confirmed,On the Nomination PN1438,3,1,1,0,1,0,1,0,1,1,0,3,0,1,1,1,1,1,1,0,1,1,1,1,1,1,1,1,1,1,1,1,1,1,0,1,1,0,1,1,0,0,1,1,1,1,1,1,1,1,0,1,3,1,1,1,3,1,1.0,0,0,1,3,1,0,1,1,1,1,1,1,1,1,1,3,1,3,1,0,0,1,1,1,1,1,1,0,1,1,1,1,1,0,0,1,0,3,1,0,1,
100,116-2-100,2020-05-20 16:40:00,1/2,Nomination Confirmed,On the Nomination PN1346,3,1,1,1,1,0,1,0,1,1,0,3,0,1,1,1,1,1,1,1,1,1,1,1,1,1,1,1,1,1,1,1,1,1,0,1,1,0,1,1,1,0,1,1,1,1,1,1,1,1,0,1,3,1,1,1,3,1,1.0,0,0,1,3,1,0,1,1,1,1,1,1,1,1,1,3,1,3,1,0,0,1,1,1,1,1,1,0,1,1,1,1,1,1,0,1,0,3,1,0,1,
101,116-2-101,2020-05-21 12:01:00,1/2,Nomination Confirmed,On the Nomination PN1615,3,0,1,0,1,0,1,0,1,1,0,3,0,1,0,0,0,1,1,0,1,0,1,1,1,1,1,0,0,1,1,0,1,1,0,1,1,0,0,1,0,0,1,1,1,1,0,0,1,0,0,1,0,1,1,0,3,1,1.0,0,0,1,3,0,3,1,1,0,1,0,1,1,1,0,3,1,3,1,0,0,1,1,0,1,0,0,0,1,0,1,1,1,0,0,0,0,0,1,0,1,
102,116-2-102,2020-05-21 13:30:00,1/2,Cloture Motion Agreed to,On the Cloture Motion PN1430,3,0,1,0,1,0,1,0,1,1,0,3,0,1,0,1,0,1,1,0,1,0,1,1,1,1,1,1,1,1,1,1,1,1,0,1,1,0,1,1,0,0,1,1,1,1,1,0,1,1,0,1,1,1,1,1,3,1,1.0,0,0,1,3,1,3,1,1,1,1,1,1,1,1,0,3,1,3,1,0,0,1,1,1,1,1,0,0,1,1,1,1,1,0,0,0,0,1,1,0,1,
103,116-2-103,2020-06-01 17:32:00,1/2,Nomination Confirmed,On the Nomination PN1430,1,0,1,0,3,0,1,0,1,1,0,3,0,1,3,1,0,1,1,0,1,0,1,3,1,1,3,1,1,1,1,1,1,1,0,1,1,0,1,1,3,0,3,1,1,1,1,0,1,1,0,1,3,1,1,1,3,1,1.0,0,3,3,3,3,3,1,1,1,1,1,1,3,1,0,3,1,3,3,3,0,1,1,1,1,1,0,3,1,3,1,1,1,3,0,0,0,3,1,0,1,
104,116-2-104,2020-06-02 11:46:00,1/2,Cloture Motion Agreed to,On the Cloture Motion PN1604,1,1,1,1,1,0,1,0,1,1,1,1,0,1,1,1,1,1,1,1,1,1,1,3,1,1,1,1,1,1,1,1,1,1,0,1,1,0,1,1,3,1,3,1,1,1,1,1,1,1,0,1,3,1,1,1,3,1,1.0,1,0,1,1,1,0,1,1,1,1,1,1,1,1,1,3,1,3,1,3,0,1,1,1,1,1,0,3,1,3,1,1,1,0,0,1,0,3,1,0,1,
105,116-2-105,2020-06-02 14:15:00,1/2,Nomination Confirmed,On the Nomination PN1604,1,1,1,1,1,0,1,0,1,1,1,1,0,1,1,1,1,1,1,1,1,1,1,3,1,1,1,1,1,1,1,1,1,1,0,1,1,0,1,1,3,1,3,1,1,1,1,1,1,1,0,1,0,1,1,1,3,1,1.0,1,0,1,1,1,0,1,1,1,1,1,1,1,1,1,3,1,3,1,3,0,1,1,1,1,1,0,3,1,3,1,1,1,0,0,1,0,3,1,0,1,
106,116-2-106,2020-06-02 15:07:00,1/2,Cloture Motion Agreed to,On the Cloture Motion PN1715,1,0,1,0,1,0,1,0,1,1,0,1,0,1,0,0,0,1,1,0,1,0,1,3,1,1,1,0,0,1,1,0,1,1,0,1,1,0,0,1,0,0,3,1,1,1,1,0,1,0,0,1,0,1,1,0,3,1,1.0,0,0,1,1,0,0,1,1,0,1,0,1,1,1,0,3,1,3,1,3,0,1,1,0,1,0,0,3,1,3,1,1,1,0,0,0,0,3,1,0,1,
107,116-2-107,2020-06-02 16:16:00,1/2,Nomination Confirmed,On the Nomination PN1715,1,0,1,0,1,0,1,0,1,1,0,1,0,1,0,0,0,1,1,0,1,0,1,3,1,1,1,0,0,1,1,0,1,1,0,1,1,0,0,1,0,0,3,1,1,1,1,0,1,0,0,1,0,1,1,0,3,1,1.0,0,0,1,1,0,0,1,1,0,1,0,1,1,1,0,3,1,3,1,3,0,1,1,0,1,0,0,3,1,3,1,1,1,0,0,0,0,3,1,0,1,
108,116-2-108,2020-06-03 12:10:00,1/2,Cloture Motion Agreed to,On the Cloture Motion PN1685,1,0,1,1,1,0,1,0,1,1,1,1,0,1,0,1,1,1,1,1,1,1,1,3,1,1,1,1,1,1,1,1,1,1,0,1,1,0,1,1,0,1,3,1,1,1,1,1,1,1,0,1,0,1,1,1,3,1,1.0,1,0,1,1,0,0,1,1,1,1,1,1,1,1,1,3,1,3,1,3,0,1,1,1,1,1,3,1,1,3,1,1,1,0,0,1,0,1,1,0,1,
109,116-2-109,2020-06-03 14:21:00,1/2,Nomination Confirmed,On the Nomination PN1685,1,0,1,1,1,0,1,0,1,1,1,1,0,1,0,1,1,1,1,1,1,1,1,1,1,1,1,1,1,1,1,1,1,1,0,1,1,0,1,1,0,1,1,1,1,1,1,1,1,1,0,1,1,1,1,1,3,1,1.0,1,0,1,1,0,0,1,1,1,1,1,1,1,1,1,1,1,3,1,3,0,1,1,1,1,1,3,1,1,3,1,1,1,0,0,1,0,1,1,0,1,
110,116-2-110,2020-06-03 15:02:00,1/2,Cloture Motion Agreed to,On the Cloture Motion PN1440,1,0,1,0,1,0,1,0,1,1,0,1,0,1,0,0,0,1,1,0,1,0,1,1,1,1,1,0,0,1,1,0,1,1,0,1,1,0,0,1,0,0,1,1,1,1,0,0,1,0,0,1,0,1,1,0,3,1,1.0,0,0,1,1,0,0,1,1,0,1,0,1,1,1,0,1,1,3,1,3,0,1,1,0,1,0,3,0,1,3,1,1,1,0,0,0,0,0,1,0,1,
111,116-2-111,2020-06-03 16:41:00,1/2,Nomination Confirmed,On the Nomination PN1440,1,0,1,0,1,0,1,0,1,1,0,3,0,1,0,0,0,1,1,0,1,0,1,1,1,1,1,0,0,1,1,0,1,1,0,1,1,0,0,1,0,0,1,1,1,1,0,0,1,0,3,1,0,1,1,0,3,1,1.0,0,0,1,1,0,0,1,1,0,1,0,1,1,1,0,1,1,3,1,3,0,1,1,0,1,0,3,0,1,3,1,1,1,0,0,0,0,0,1,0,1,
112,116-2-112,2020-06-04 11:48:00,1/2,Cloture Motion Agreed to,On the Cloture Motion PN1590,1,0,1,0,1,0,1,0,1,1,0,3,0,1,0,0,0,1,1,0,1,0,1,1,1,1,1,0,0,1,1,0,1,1,0,1,1,0,0,1,0,0,1,1,1,1,0,0,1,0,3,1,0,1,1,1,3,1,1.0,0,0,1,1,0,0,1,1,0,1,0,1,1,1,0,1,1,3,1,3,0,1,1,0,1,3,3,0,1,3,1,1,1,0,0,0,0,0,1,0,1,
113,116-2-113,2020-06-04 13:31:00,1/2,Nomination Confirmed,On the Nomination PN1590,1,0,1,0,1,0,1,0,1,1,0,3,0,1,0,0,0,1,1,0,1,0,1,1,1,1,1,0,0,1,1,0,1,1,0,1,1,0,0,1,0,0,1,1,1,1,0,0,1,0,3,1,0,1,1,1,3,1,1.0,0,0,1,1,0,0,1,1,0,1,0,1,1,1,0,1,1,3,1,3,0,1,1,0,1,3,3,0,1,3,1,1,1,0,0,0,3,0,1,0,1,
114,116-2-114,2020-06-08 17:34:00,3/5,Cloture on the Motion to Proceed Agreed to,On Cloture on the Motion to Proceed H.R. 1957,1,1,0,1,1,1,1,1,1,1,1,1,1,1,1,1,1,0,1,1,1,1,1,1,0,0,1,1,1,0,1,1,1,1,1,1,1,1,1,1,1,1,1,1,0,0,1,0,0,1,3,0,1,0,1,1,3,1,1.0,1,1,0,1,1,1,1,1,1,1,1,0,1,0,1,0,1,1,0,1,1,1,1,1,0,1,1,1,1,1,1,1,3,1,1,1,1,1,1,1,1,
115,116-2-115,2020-06-09 14:18:00,1/2,Nomination Confirmed,On the Nomination PN1619,1,1,1,1,1,1,1,1,1,1,1,1,1,1,3,1,1,1,1,1,1,1,1,1,1,1,1,1,1,1,1,1,1,1,1,1,1,1,1,1,1,1,1,1,1,1,1,1,1,1,1,1,1,1,1,1,3,1,1.0,1,1,1,1,1,1,1,1,1,1,1,1,1,1,1,1,1,1,1,1,1,1,1,1,1,1,1,1,1,1,1,1,1,1,1,1,1,1,1,1,1,
116,116-2-116,2020-06-10 12:16:00,1/2,Motion to Proceed Agreed to,On the Motion to Proceed H.R. 1957,1,1,0,1,1,1,1,1,1,1,1,3,1,1,1,1,1,0,1,1,1,1,1,1,0,0,1,1,1,0,1,1,1,1,1,1,1,1,1,1,1,1,1,3,0,0,1,1,0,1,1,0,1,0,1,1,3,1,1.0,1,1,0,1,1,1,0,1,1,1,1,0,1,0,1,0,1,1,0,1,1,1,1,1,0,1,1,1,1,1,1,1,0,1,1,1,1,1,1,1,1,
117,116-2-117,2020-06-12 01:01:00,3/5,Cloture Motion Agreed to,On the Cloture Motion S.Amdt. 1617 to H.R. 1957 (Great American Outdoors Act),1,1,0,1,3,1,1,1,1,3,1,3,1,1,1,1,1,0,1,1,3,1,1,1,0,0,1,1,3,0,0,1,1,1,1,1,0,1,1,0,1,1,1,3,3,0,3,1,0,1,1,0,1,0,1,1,3,1,3.0,3,1,3,0,1,1,0,1,1,1,1,0,1,0,1,0,1,1,3,1,1,1,1,1,3,3,1,1,0,1,1,1,0,1,1,1,1,3,1,1,1,
118,116-2-118,2020-06-15 17:30:00,3/5,Motion Agreed to,On the Motion (Motion to Waive All Applicable Budgetary Discipline Re: Amdt. No. 1617),1,1,0,1,0,1,1,1,1,0,1,1,1,1,1,1,1,0,1,1,1,1,1,1,0,3,1,1,1,0,0,1,0,1,1,1,0,1,1,0,1,1,1,1,0,0,1,1,0,1,1,0,1,0,0,1,3,1,1.0,1,1,0,0,1,1,0,0,1,1,1,0,1,0,1,0,1,1,0,1,1,0,0,1,0,1,1,1,0,1,0,1,0,1,1,1,1,1,1,1,1,
119,116-2-119,2020-06-15 18:15:00,1/2,Amendment Agreed to,On the Amendment S.Amdt. 1617 to H.R. 1957 (Taxpayer First Act of 2019),1,1,0,1,0,1,1,1,1,0,1,1,1,1,1,1,1,0,1,1,1,1,1,1,0,0,1,1,1,0,1,1,0,1,1,1,1,1,1,0,1,1,1,0,0,0,1,1,0,1,1,0,1,0,1,1,3,1,1.0,1,1,0,1,1,1,0,1,1,1,1,0,1,0,1,0,1,1,0,1,1,0,1,1,3,1,1,1,0,1,1,1,0,1,1,1,3,1,1,1,1,
120,116-2-120,2020-06-15 18:48:00,3/5,Cloture Motion Agreed to,On the Cloture Motion H.R. 1957,1,1,0,1,1,1,1,1,1,1,1,1,1,1,1,1,1,0,1,1,1,1,1,1,0,0,1,1,1,0,1,1,0,1,1,1,1,1,1,0,1,1,1,0,0,0,1,1,0,1,1,0,1,0,1,1,3,1,1.0,1,1,0,1,1,1,0,1,1,1,1,0,1,0,1,0,1,1,0,1,1,0,1,1,0,1,1,1,0,1,1,1,0,1,1,1,3,1,1,1,1,
121,116-2-121,2020-06-17 11:45:00,1/2,Bill Passed,On Passage of the Bill H.R. 1957,1,1,0,1,0,1,1,1,1,0,1,1,1,1,1,1,1,0,1,1,0,1,1,1,0,0,1,1,1,0,1,1,0,1,1,1,1,1,1,0,1,1,1,0,0,0,1,1,0,1,1,0,1,0,1,1,3,1,1.0,1,1,0,1,1,3,0,1,1,1,1,0,1,0,1,0,1,1,0,1,1,0,1,1,0,1,1,1,1,1,1,1,0,1,1,1,1,1,1,1,1,
122,116-2-122,2020-06-17 12:22:00,1/2,Cloture Motion Agreed to,On the Cloture Motion PN1748,1,0,1,0,1,0,1,0,1,1,0,1,0,1,0,0,0,1,0,0,1,0,1,1,1,1,1,0,0,1,1,0,1,1,0,1,1,0,0,1,0,0,1,1,1,1,0,0,1,0,0,1,0,1,1,0,3,1,1.0,0,0,1,1,0,3,1,1,0,1,0,1,1,1,0,1,1,0,1,0,0,1,1,0,1,0,0,0,1,0,1,1,1,0,0,0,0,0,1,0,1,
123,116-2-123,2020-06-18 13:39:00,1/2,Nomination Confirmed,On the Nomination PN1748,1,0,1,0,1,0,1,0,1,1,0,1,0,1,0,0,0,1,0,0,1,0,1,1,1,1,1,0,0,1,1,0,1,1,0,1,1,0,0,1,0,0,1,1,1,1,0,0,1,0,0,1,0,1,1,3,3,1,1.0,0,0,1,1,0,3,1,1,0,1,0,1,1,1,3,1,1,3,1,0,0,1,1,0,1,3,0,0,3,0,1,1,1,0,0,0,0,0,1,0,1,
124,116-2-124,2020-06-22 17:30:00,1/2,Cloture Motion Agreed to,On the Cloture Motion PN1749,1,0,1,0,1,0,1,0,1,1,0,1,0,1,0,0,0,1,0,0,1,0,1,1,1,1,1,0,0,1,1,0,1,1,0,1,1,0,0,1,3,0,1,1,1,1,0,0,1,0,0,1,0,1,1,0,0,1,1.0,0,3,1,3,0,3,1,1,0,1,0,1,1,1,0,1,1,3,1,0,0,1,1,0,1,3,0,0,1,0,1,1,1,0,0,0,0,0,1,0,1,
125,116-2-125,2020-06-24 11:30:00,1/2,Nomination Confirmed,On the Nomination PN1749,1,0,1,0,1,0,1,0,1,1,0,1,0,1,0,0,0,1,0,0,1,0,1,1,1,1,1,0,0,1,1,0,1,1,0,1,1,0,0,1,0,0,1,1,1,1,0,0,1,0,0,1,0,1,1,0,0,1,1.0,0,0,1,1,0,0,1,1,0,1,0,1,1,1,0,1,1,0,1,0,0,1,1,0,1,0,0,0,1,0,1,1,1,0,0,0,0,0,1,0,1,
126,116-2-126,2020-06-24 12:17:00,3/5,Cloture on the Motion to Proceed Rejected,On Cloture on the Motion to Proceed S. 3985,1,0,1,0,1,0,1,0,1,1,0,1,0,1,0,0,0,1,1,0,1,0,1,1,1,1,1,0,0,1,1,0,1,1,0,1,1,0,0,1,0,0,1,1,1,1,1,0,1,1,0,1,0,1,1,1,0,0,1.0,0,0,1,1,0,0,1,1,0,1,0,1,1,1,0,1,1,0,1,0,0,1,1,0,1,0,0,0,1,0,1,1,1,0,0,0,0,0,1,0,1,
127,116-2-127,2020-06-25 13:27:00,3/5,Cloture on the Motion to Proceed Agreed to,On Cloture on the Motion to Proceed S. 4049,1,1,1,1,1,1,1,1,1,1,1,3,1,1,1,1,1,1,1,1,1,1,1,1,1,1,1,1,1,3,1,1,1,1,1,1,1,0,1,1,1,1,1,1,1,1,1,1,1,1,1,1,1,1,1,1,0,1,1.0,1,0,3,1,0,1,1,1,1,1,1,1,1,1,1,1,1,0,1,1,1,1,1,1,1,1,1,1,1,1,1,1,1,1,1,1,0,1,1,0,1,
128,116-2-128,2020-06-29 17:31:00,1/2,Motion to Proceed Agreed to,On the Motion to Proceed S. 4049,1,1,1,1,1,1,1,1,1,1,1,3,1,1,1,1,1,1,1,1,1,1,1,3,1,1,1,1,1,3,1,1,1,1,1,1,1,0,1,1,1,1,1,1,1,1,1,1,1,1,1,1,1,1,1,1,3,1,1.0,1,3,1,1,0,1,1,1,1,1,1,1,1,1,1,1,1,3,1,1,1,1,1,1,1,1,1,1,1,1,1,1,3,1,1,1,0,1,1,0,1,
129,116-2-129,2020-07-01 17:37:00,1/2,Motion to Table Agreed to,On the Motion to Table S.Amdt. 2011 to S. 4049 (National Defense Authorization Act for Fiscal Year 2021),1,0,1,0,1,1,3,0,1,0,0,3,0,1,0,1,0,1,1,1,1,0,1,1,1,1,0,0,0,3,1,1,1,1,0,1,1,0,1,1,0,0,1,3,1,1,1,0,1,1,0,1,0,0,1,1,3,1,1.0,1,0,1,3,1,3,0,1,0,1,1,1,1,1,1,1,1,0,1,0,0,1,1,1,1,1,0,0,1,0,1,1,1,0,0,1,0,1,1,0,1,
130,116-2-130,2020-07-02 13:33:00,1/2,Cloture Motion Agreed to,On the Cloture Motion PN1726,1,0,1,0,1,0,1,0,1,1,0,3,0,1,0,0,0,1,1,0,1,0,1,1,1,1,1,0,0,3,1,0,1,1,0,1,1,0,0,1,0,0,1,3,1,1,0,0,1,0,0,1,0,1,1,0,3,1,3.0,0,0,1,3,0,3,1,1,0,1,0,1,1,1,0,1,1,0,1,0,0,1,1,0,1,0,0,0,1,0,1,3,1,3,0,0,0,0,1,0,1,
131,116-2-131,2020-07-20 17:31:00,1/2,Nomination Confirmed,On the Nomination PN1726,1,0,1,0,1,0,1,0,1,3,0,3,0,1,0,0,0,1,1,0,1,0,1,1,1,1,1,0,0,1,1,0,1,1,0,1,1,0,0,1,0,0,1,1,1,1,0,0,1,0,0,1,0,1,1,0,0,1,1.0,0,0,1,1,0,3,1,1,0,1,0,1,1,1,0,1,1,0,1,3,0,1,1,0,1,0,0,0,1,0,1,1,1,0,0,0,0,0,1,0,1,
132,116-2-132,2020-07-21 11:44:00,3/5,Amendment Rejected,On the Amendment S.Amdt. 2252 to S.Amdt. 2301 to S. 4049 (National Defense Authorization Act for Fiscal Year 2021),0,1,0,1,0,1,0,1,0,0,1,0,1,0,1,1,1,0,0,1,0,1,0,0,0,0,1,1,1,0,0,1,0,1,1,0,0,1,1,0,1,1,0,0,0,0,1,1,0,1,1,0,1,0,0,1,1,0,0.0,1,1,0,1,1,1,1,0,1,0,1,0,0,0,1,0,0,1,0,1,1,0,0,1,0,1,1,1,0,1,0,0,0,1,1,1,1,1,0,1,0,
133,116-2-133,2020-07-21 12:25:00,3/5,Amendment Agreed to,On the Amendment S.Amdt. 2411 to S.Amdt. 2301 to S. 4049 (National Defense Authorization Act for Fiscal Year 2021),1,1,1,1,0,1,1,0,1,1,1,1,1,1,1,1,1,1,1,1,1,1,0,1,1,1,1,1,1,1,1,1,1,1,1,1,1,0,1,0,1,1,1,1,1,1,1,1,0,1,1,1,1,1,0,1,0,1,1.0,1,1,1,1,1,1,1,1,1,1,1,1,1,1,1,1,1,0,1,1,1,1,1,1,1,1,1,1,1,1,1,1,1,1,1,1,0,1,1,1,1,
134,116-2-134,2020-07-21 16:06:00,3/5,Amendment Agreed to,On the Amendment S.Amdt. 2244 to S.Amdt. 2301 to S. 4049 (National Defense Authorization Act for Fiscal Year 2021),1,1,1,1,1,1,1,1,1,1,1,1,1,1,1,1,1,1,1,1,1,1,1,1,1,1,1,1,1,1,1,1,1,1,1,1,1,1,1,1,1,1,1,1,1,1,1,1,1,1,1,1,1,0,1,1,1,1,1.0,1,1,1,1,1,1,0,1,1,1,1,1,1,1,1,1,1,1,1,1,1,1,1,1,0,1,1,1,1,1,1,1,0,1,1,1,1,1,1,1,1,
135,116-2-135,2020-07-22 12:14:00,3/5,Amendment Rejected,On the Amendment S.Amdt. 1788 to S.Amdt. 2301 to S. 4049 (National Defense Authorization Act for Fiscal Year 2021),0,1,0,0,0,1,0,1,0,0,0,0,1,0,1,0,1,0,0,0,0,0,0,0,0,0,0,0,1,0,0,0,0,0,1,0,0,0,0,0,0,1,0,0,0,0,0,0,0,0,1,0,1,0,0,0,1,0,0.0,0,1,0,0,1,1,0,0,0,0,0,0,0,0,0,0,0,1,0,1,1,0,0,0,0,0,1,0,0,0,0,0,0,1,1,0,1,0,0,1,0,
136,116-2-136,2020-07-22 12:53:00,3/5,Amendment Agreed to,On the Amendment S.Amdt. 1972 to S.Amdt. 2301 to S. 4049 (National Defense Authorization Act for Fiscal Year 2021),1,1,1,1,1,1,1,1,1,0,1,1,1,1,1,1,1,1,1,1,1,1,1,1,1,0,1,1,1,1,1,1,1,1,1,1,1,1,1,1,1,1,1,1,1,1,1,1,0,1,1,1,1,0,1,1,1,1,1.0,1,1,1,1,1,1,0,1,1,1,1,1,1,1,1,1,1,1,1,1,1,0,1,1,1,1,1,1,1,1,1,1,1,1,1,1,1,1,1,1,1,
137,116-2-137,2020-07-22 13:21:00,3/5,Cloture Motion Agreed to,On the Cloture Motion S.Amdt. 2301 to S. 4049 (National Defense Authorization Act for Fiscal Year 2021),1,1,1,1,1,1,1,0,1,1,1,1,1,1,1,1,1,1,1,1,1,1,1,1,1,1,1,1,1,1,1,1,1,1,0,1,1,0,1,1,1,1,1,1,1,1,1,1,0,1,1,1,1,0,1,1,0,1,1.0,1,0,1,1,1,1,0,1,1,1,1,1,1,0,1,1,1,0,1,1,1,1,1,1,1,1,1,1,1,1,1,1,1,1,0,1,0,1,1,0,1,
138,116-2-138,2020-07-23 10:02:00,1/2,Amendment Agreed to,On the Amendment S.Amdt. 2301 to S. 4049 (National Defense Authorization Act for Fiscal Year 2021),1,1,1,1,1,1,1,0,1,0,1,1,1,1,1,1,1,1,1,1,1,1,1,1,1,1,1,1,1,1,1,1,1,1,0,1,1,0,1,1,1,1,1,1,1,1,1,1,0,1,1,1,1,0,1,1,0,1,1.0,1,0,1,1,1,1,0,1,1,1,1,1,1,1,1,1,1,0,1,1,1,1,1,1,1,1,1,1,1,1,1,1,1,1,1,1,0,1,1,0,1,
139,116-2-139,2020-07-23 10:47:00,3/5,Cloture Motion Agreed to,On the Cloture Motion S. 4049,1,1,1,1,1,1,1,0,1,1,0,1,1,1,1,1,1,1,1,1,1,1,1,1,1,1,1,1,1,1,1,1,1,1,0,1,1,0,1,1,1,1,1,1,1,1,1,1,0,1,1,1,1,0,1,1,0,1,1.0,1,0,1,1,1,1,0,1,1,1,1,1,1,0,1,1,1,0,1,1,1,1,1,1,1,1,1,1,1,1,1,1,1,1,0,1,0,1,1,0,1,
140,116-2-140,2020-07-23 13:59:00,1/2,Bill Passed,On Passage of the Bill S. 4049,1,1,1,1,1,1,1,0,1,0,0,1,1,1,1,1,1,1,1,1,1,1,1,1,1,1,1,1,1,1,1,1,1,1,0,1,1,0,1,1,1,1,1,1,1,1,1,1,0,1,1,1,0,0,1,1,0,1,1.0,1,0,1,1,1,1,0,1,1,1,1,1,1,1,1,1,1,0,1,1,1,1,1,1,1,1,1,1,1,1,1,1,1,1,1,1,0,1,1,0,1,
141,116-2-141,2020-07-23 14:39:00,1/2,Cloture Motion Agreed to,On the Cloture Motion PN1345,1,1,1,0,1,0,1,0,1,1,0,3,0,1,0,1,1,3,1,0,1,0,1,1,1,1,1,0,0,1,1,1,1,1,0,1,1,0,1,1,0,0,1,1,1,1,1,3,1,1,0,1,3,1,1,1,0,1,3.0,0,0,1,1,1,0,0,1,0,1,0,1,1,3,0,1,1,3,1,0,0,1,1,1,1,3,0,0,1,1,1,1,1,0,0,1,0,0,1,0,1,
142,116-2-142,2020-07-27 17:44:00,1/2,Nomination Confirmed,On the Nomination PN1345,1,1,1,0,1,0,1,0,1,1,0,1,0,1,0,1,1,1,1,0,1,0,1,1,1,1,1,0,0,1,1,1,1,1,0,1,1,0,1,1,0,0,1,1,1,1,1,1,1,1,0,1,3,1,1,1,3,1,1.0,0,0,1,1,1,0,1,1,0,1,0,1,1,1,0,1,1,3,3,0,0,1,1,1,1,1,0,0,1,1,1,3,1,0,0,1,0,0,1,0,1,
143,116-2-143,2020-07-28 11:32:00,1/2,Cloture Motion Agreed to,On the Cloture Motion PN1347,1,0,1,0,1,0,1,0,1,1,0,1,0,1,0,0,0,1,1,0,1,0,1,1,1,1,1,0,0,1,1,0,1,1,0,1,1,0,0,1,0,0,1,1,1,1,1,0,1,0,0,1,3,1,1,1,3,1,1.0,0,0,1,1,0,0,1,1,0,1,0,1,1,1,0,1,1,3,1,0,0,1,1,0,1,0,0,0,1,0,1,1,1,0,0,0,0,0,1,0,1,
144,116-2-144,2020-07-28 12:17:00,1/2,Cloture Motion Agreed to,On the Cloture Motion PN1605,1,0,1,0,1,0,1,0,1,1,0,1,0,1,0,0,0,1,1,0,1,0,1,1,1,1,1,0,0,1,1,0,1,1,0,1,1,0,0,1,0,0,1,1,1,1,1,0,1,0,0,1,3,1,1,1,3,1,1.0,0,0,1,1,1,0,1,1,0,1,0,1,1,1,0,1,1,3,1,0,0,1,1,0,1,1,0,0,1,0,1,1,1,0,0,0,0,0,1,0,1,
145,116-2-145,2020-07-28 14:25:00,1/2,Nomination Confirmed,On the Nomination PN1347,1,0,1,0,1,0,1,0,1,1,0,1,0,1,0,0,0,1,1,0,1,0,1,1,1,1,1,0,0,1,1,0,1,1,0,1,1,0,0,1,0,0,1,1,1,1,1,0,1,0,0,1,3,1,1,1,3,1,1.0,0,0,1,1,0,0,1,1,0,1,0,1,1,1,0,1,1,3,1,0,0,1,1,0,1,0,0,0,1,0,1,1,1,0,0,0,0,0,1,0,1,
146,116-2-146,2020-07-28 15:05:00,1/2,Nomination Confirmed,On the Nomination PN1605,1,0,1,0,1,0,1,0,1,1,0,1,0,1,0,0,0,1,1,0,1,0,1,1,1,1,1,0,0,1,1,0,1,1,0,1,1,0,0,1,0,0,1,1,1,1,1,0,1,0,0,1,3,1,1,1,3,1,1.0,0,0,1,1,1,0,1,1,0,1,0,1,1,1,0,1,1,3,1,0,0,1,1,0,1,1,0,0,1,0,1,1,1,0,0,0,0,0,1,0,1,
147,116-2-147,2020-07-29 11:43:00,1/2,Cloture Motion Agreed to,On the Cloture Motion PN1937,1,0,1,0,1,0,1,0,1,1,0,1,0,1,0,1,1,1,1,1,1,1,1,1,1,3,1,0,1,1,1,1,1,1,0,1,1,1,1,1,0,0,1,1,1,1,1,1,1,1,1,1,1,1,1,1,3,1,1.0,0,0,1,1,1,0,1,1,1,1,1,1,1,1,1,1,1,0,1,1,0,1,1,1,1,1,1,0,1,0,1,1,1,0,0,1,0,1,1,0,1,
148,116-2-148,2020-07-29 14:49:00,1/2,Cloture Motion Agreed to,On the Cloture Motion PN1690,1,0,1,0,1,0,1,0,1,1,0,1,0,1,0,0,0,1,1,0,1,0,1,1,1,3,1,0,0,1,1,0,1,1,0,1,1,0,0,1,0,0,1,1,1,1,0,0,1,0,0,1,0,1,1,0,3,1,1.0,0,0,1,1,0,0,1,1,0,1,0,1,1,1,0,1,1,0,1,0,0,1,1,0,1,0,0,0,1,0,1,1,1,0,0,0,0,0,1,0,1,
149,116-2-149,2020-07-29 15:28:00,1/2,Nomination Confirmed,On the Nomination PN1690,1,0,1,0,1,0,1,0,1,1,0,1,0,1,0,0,0,1,1,0,1,0,1,1,1,3,1,0,0,1,1,0,1,1,0,1,1,0,0,1,0,0,1,1,1,1,0,0,1,0,0,1,0,1,1,0,3,1,1.0,0,0,1,1,0,0,1,1,0,1,0,1,1,1,0,1,1,0,1,0,0,1,1,0,1,0,0,0,1,0,1,1,1,0,0,0,0,0,1,0,1,
150,116-2-150,2020-07-29 16:45:00,1/2,Cloture Motion Agreed to,On the Cloture Motion PN1692,1,1,0,1,0,1,1,1,0,0,1,3,1,0,1,1,1,0,1,1,1,1,0,0,0,3,1,1,1,0,1,1,0,0,1,1,0,1,1,0,1,1,0,0,0,0,1,1,0,1,1,0,1,0,0,1,1,0,0.0,1,1,3,1,1,1,0,0,1,0,1,0,0,0,1,0,0,1,0,1,1,0,0,1,0,1,1,1,1,1,0,0,0,1,1,1,1,1,0,1,0,
151,116-2-151,2020-07-29 17:21:00,1/2,Nomination Confirmed,On the Nomination PN1692,1,1,0,1,0,1,3,1,0,0,1,3,1,0,1,1,1,0,1,1,1,1,0,0,0,3,1,1,1,0,0,1,0,0,1,1,0,1,1,0,1,1,0,0,0,0,1,1,0,1,1,0,1,0,0,3,1,0,0.0,1,1,3,1,1,1,0,0,1,0,1,0,0,0,1,0,0,1,0,1,1,0,0,1,0,1,1,1,1,1,0,0,0,1,1,1,1,1,0,1,0,
152,116-2-152,2020-07-30 13:32:00,1/2,Nomination Confirmed,On the Nomination PN1937,1,0,1,0,1,0,1,3,1,1,0,3,0,1,0,1,1,1,1,1,1,1,1,1,1,1,1,0,0,1,1,1,1,1,0,1,1,3,1,1,0,0,1,1,1,1,1,1,1,1,1,1,1,1,1,1,3,1,1.0,0,0,3,1,1,0,1,3,1,1,1,1,1,1,1,1,1,0,1,1,0,1,1,1,1,1,1,0,1,3,1,1,1,0,0,1,0,3,1,0,1,
153,116-2-153,2020-07-30 14:33:00,1/2,Motion to Proceed Agreed to,On the Motion to Proceed S. 178,1,0,1,0,1,0,1,3,1,1,0,3,0,1,0,0,0,1,1,0,1,0,1,1,1,1,1,0,0,1,1,0,1,0,0,1,1,3,0,1,0,0,1,1,1,1,0,0,1,0,0,1,0,1,1,0,3,1,1.0,3,0,3,1,0,0,0,3,0,1,0,1,1,1,0,1,1,0,1,0,0,1,1,0,3,3,0,0,1,3,1,1,1,0,0,0,0,3,1,0,1,
154,116-2-154,2020-08-03 17:32:00,1/2,Cloture Motion Agreed to,On the Cloture Motion PN1683,1,1,1,1,1,0,1,1,1,1,1,3,1,1,1,1,1,1,1,1,1,0,1,1,1,1,1,1,1,1,1,1,1,1,0,1,1,0,1,1,3,0,1,3,1,1,1,1,1,1,0,1,3,1,1,1,0,1,1.0,0,0,3,1,1,1,1,1,1,1,1,1,1,1,0,1,1,3,1,0,0,1,1,1,1,1,1,1,1,1,1,3,3,1,1,1,0,1,1,0,1,
155,116-2-155,2020-08-04 11:42:00,1/2,Nomination Confirmed,On the Nomination PN1683,1,1,1,1,1,0,1,1,1,1,1,1,1,1,3,1,1,1,1,1,1,0,1,1,1,1,1,1,1,1,0,1,1,1,0,1,0,0,1,1,1,0,1,1,1,1,1,1,1,1,0,1,3,1,1,1,0,1,1.0,0,0,1,1,1,1,1,1,1,1,1,1,1,1,0,1,1,3,1,0,0,1,1,1,1,1,1,1,1,1,1,3,1,1,1,3,0,1,1,0,1,
156,116-2-156,2020-08-06 11:31:00,1/2,Cloture Motion Agreed to,On the Cloture Motion PN1599,3,0,1,0,3,0,1,0,1,1,0,1,0,1,0,0,0,1,1,0,1,0,1,1,1,1,1,3,0,1,1,0,1,1,0,1,1,0,0,1,0,0,1,1,1,1,1,0,1,0,0,1,0,1,1,1,0,1,1.0,0,0,1,1,0,0,1,1,0,1,0,1,1,1,0,1,1,0,1,0,0,1,1,0,1,1,0,0,1,1,1,1,1,0,0,0,0,0,1,0,1,
157,116-2-157,2020-08-06 13:31:00,1/2,Nomination Confirmed,On the Nomination PN1599,3,0,1,0,3,0,1,0,1,1,0,1,0,1,0,0,0,1,1,0,1,0,1,1,1,1,1,3,0,1,1,0,1,1,0,1,1,0,0,1,0,0,1,1,1,1,1,0,1,0,0,1,0,1,1,1,0,1,1.0,0,0,1,1,0,0,1,1,0,1,0,1,1,1,0,1,1,0,1,0,0,1,1,0,1,1,0,0,1,1,1,1,1,0,0,0,0,0,1,0,1,
158,116-2-158,2020-09-08 17:31:00,1/2,Cloture Motion Agreed to,On the Cloture Motion PN1662,1,1,1,1,1,1,1,1,1,1,1,1,1,1,3,1,1,1,1,1,1,1,1,1,1,1,1,1,1,1,1,1,1,1,1,3,1,3,1,1,1,0,3,1,1,1,1,1,1,1,3,1,1,1,1,1,0,1,1.0,1,1,1,3,1,3,1,3,1,1,1,1,1,1,1,1,1,3,1,0,1,1,1,1,1,1,1,3,1,1,1,3,1,1,0,1,0,1,1,0,1,
159,116-2-159,2020-09-09 11:20:00,1/2,Nomination Confirmed,On the Nomination PN1662,1,1,1,1,1,1,1,1,1,1,1,1,1,1,1,1,1,1,1,1,1,1,1,1,1,1,1,1,1,1,1,1,1,1,1,1,1,3,1,1,1,0,1,1,1,1,1,1,1,1,3,1,1,1,1,1,0,1,1.0,1,1,1,1,1,1,1,1,1,1,1,1,1,1,1,1,1,3,1,0,1,1,1,1,1,1,1,3,1,1,1,1,1,1,1,1,0,1,1,0,1,
160,116-2-160,2020-09-09 12:01:00,1/2,Cloture Motion Agreed to,On the Cloture Motion PN1511,1,1,1,1,1,0,1,0,1,1,0,1,0,1,1,1,1,1,1,1,1,1,1,1,1,1,1,1,1,1,1,1,1,1,0,1,1,3,1,1,1,0,1,1,1,1,1,1,1,1,3,1,1,1,1,1,0,1,1.0,0,0,1,1,1,0,1,1,1,1,1,1,1,1,1,1,1,3,1,0,0,1,1,1,1,1,0,3,1,1,1,1,1,1,0,1,0,1,1,0,1,
161,116-2-161,2020-09-09 12:40:00,1/2,Cloture Motion Agreed to,On the Cloture Motion PN1713,3,1,1,1,1,0,1,0,1,1,0,1,0,1,1,1,1,1,1,1,1,1,1,1,1,1,1,1,1,1,1,1,1,1,0,1,1,3,1,1,1,0,1,1,1,1,1,1,1,1,3,1,1,1,1,1,0,1,1.0,0,0,1,1,1,0,1,1,1,1,1,1,1,1,1,1,1,3,1,0,0,1,1,1,1,1,1,3,1,1,1,1,1,1,0,1,0,1,1,0,1,
162,116-2-162,2020-09-09 14:16:00,1/2,Nomination Confirmed,On the Nomination PN1511,1,1,1,1,1,0,1,0,1,1,1,1,0,1,1,1,1,1,1,1,1,1,1,1,1,1,1,1,1,1,1,1,1,1,0,1,1,3,1,1,1,1,1,1,1,1,1,1,1,1,3,1,1,1,1,1,0,1,1.0,0,0,1,1,1,0,1,1,1,1,1,1,1,1,1,1,1,3,1,0,0,1,1,1,1,1,0,3,1,1,1,1,1,1,0,1,0,1,1,0,1,
163,116-2-163,2020-09-09 15:04:00,1/2,Cloture Motion Agreed to,On the Cloture Motion PN1431,1,3,1,0,1,0,1,0,1,1,1,1,0,1,1,1,1,1,1,1,1,1,1,1,1,1,1,1,1,1,1,1,1,1,0,1,1,3,1,1,0,0,1,1,1,1,1,1,1,1,3,1,1,1,1,1,0,1,1.0,0,0,1,1,1,0,1,1,1,1,1,1,1,1,1,1,1,3,1,0,0,1,1,1,1,1,0,3,1,1,1,1,1,0,0,1,0,1,1,0,1,
164,116-2-164,2020-09-09 15:44:00,1/2,Cloture Motion Agreed to,On the Cloture Motion PN775,1,1,1,1,1,1,1,1,1,1,1,1,1,1,1,1,1,1,1,1,1,1,1,1,1,1,1,1,1,1,1,1,1,1,1,1,1,3,1,1,1,0,1,1,1,1,1,1,1,1,3,1,1,1,1,1,1,1,1.0,1,1,1,1,1,1,1,1,1,1,1,1,1,1,1,1,1,3,1,1,1,1,1,1,1,1,1,3,1,1,1,1,1,1,0,1,1,1,1,1,1,
165,116-2-165,2020-09-10 11:27:00,1/2,Nomination Confirmed,On the Nomination PN1713,1,1,1,1,1,0,1,0,1,1,0,1,0,1,1,1,1,1,1,1,1,1,1,1,1,1,1,1,1,1,1,1,1,1,0,1,1,3,1,1,1,1,1,1,1,1,1,1,1,1,0,1,1,1,1,1,0,1,1.0,0,0,1,1,1,0,1,1,1,1,1,1,1,1,1,1,1,0,1,0,0,1,1,1,1,1,1,1,1,1,1,1,1,1,0,1,3,1,1,0,1,
166,116-2-166,2020-09-10 12:03:00,1/2,Nomination Confirmed,On the Nomination PN1431,1,1,1,0,1,0,1,0,1,1,1,1,0,1,1,1,1,1,1,1,1,1,1,1,1,1,1,1,1,1,1,1,1,1,0,1,1,3,1,1,0,0,1,1,1,1,1,1,1,1,0,1,1,1,1,1,0,1,1.0,0,0,1,1,1,0,1,1,1,1,1,1,1,1,1,1,1,0,1,0,0,1,1,1,1,1,0,0,1,1,1,1,1,0,1,1,3,1,1,0,1,
167,116-2-167,2020-09-10 12:27:00,1/2,Nomination Confirmed,On the Nomination PN775,1,1,1,1,1,1,1,1,1,1,1,1,1,1,1,1,1,1,1,1,1,1,1,1,1,1,1,1,1,1,1,1,1,1,1,1,1,3,1,1,1,1,1,1,1,1,1,1,1,1,1,1,1,1,1,1,1,1,1.0,1,1,1,1,1,1,1,1,1,1,1,1,1,1,1,1,1,1,1,1,1,1,1,1,1,1,1,1,1,1,1,1,1,1,1,1,1,1,1,1,1,
168,116-2-168,2020-09-10 12:56:00,3/5,Cloture Motion Rejected,On the Cloture Motion S. 178,1,0,1,0,1,0,1,0,1,1,0,1,0,1,0,0,0,1,1,0,1,0,1,1,1,1,1,0,0,1,1,0,1,1,0,1,1,3,0,1,0,0,1,1,1,1,0,0,1,0,0,1,0,1,1,0,0,1,1.0,0,0,1,1,0,0,0,1,0,1,0,1,1,1,0,1,1,0,1,0,0,1,1,0,1,0,0,0,1,0,1,1,1,0,0,0,0,0,1,0,1,
169,116-2-169,2020-09-14 17:31:00,1/2,Cloture Motion Agreed to,On the Cloture Motion PN1383,1,1,1,1,1,0,1,0,1,1,1,1,0,1,1,1,1,3,1,3,1,1,1,3,1,1,3,1,1,1,1,1,1,1,0,1,1,3,1,1,1,0,1,1,1,1,1,1,3,1,0,1,1,1,1,1,0,1,1.0,1,0,3,1,1,3,1,1,1,1,1,1,1,1,1,1,1,3,1,1,0,1,1,1,1,1,1,1,1,1,1,3,3,1,0,1,0,1,1,0,1,
170,116-2-170,2020-09-15 10:36:00,1/2,Nomination Confirmed,On the Nomination PN1383,1,1,1,1,1,0,1,0,1,1,1,1,0,3,1,1,1,1,1,3,1,1,1,3,1,1,1,1,1,1,1,1,1,1,0,1,1,3,1,1,1,1,1,1,1,1,1,1,1,1,0,1,1,1,1,1,0,1,1.0,1,0,1,1,1,0,1,1,1,1,1,1,1,1,1,1,1,3,1,0,0,1,1,1,1,1,1,1,1,1,1,1,1,1,1,1,0,1,1,0,1,
171,116-2-171,2020-09-15 11:12:00,1/2,Cloture Motion Agreed to,On the Cloture Motion PN1381,1,1,1,1,1,0,1,1,1,1,1,1,1,3,1,1,1,1,1,3,1,1,1,3,1,1,1,1,1,1,1,1,1,1,0,1,1,3,1,1,1,0,1,1,1,1,1,1,1,1,1,1,1,1,1,1,0,1,1.0,1,1,1,1,1,1,1,1,1,1,1,1,1,1,1,1,1,3,1,1,1,1,1,1,1,1,1,1,1,1,1,1,1,1,0,1,0,1,1,1,1,
172,116-2-172,2020-09-15 14:16:00,1/2,Nomination Confirmed,On the Nomination PN1381,1,1,1,1,1,0,1,1,1,1,1,1,1,3,1,1,1,1,1,3,1,1,1,1,1,1,1,1,1,1,1,1,1,1,0,1,1,3,1,1,1,1,1,1,1,1,1,1,1,1,1,1,1,1,1,1,0,1,1.0,1,1,1,1,1,1,1,1,1,1,1,1,1,1,1,1,1,3,1,1,1,1,1,1,1,1,1,1,1,1,1,1,1,1,1,1,0,1,1,1,1,
173,116-2-173,2020-09-15 14:52:00,1/2,Cloture Motion Agreed to,On the Cloture Motion PN1531,1,1,1,1,1,0,1,0,1,1,1,1,0,3,1,1,1,1,1,3,1,1,1,1,1,1,1,1,1,1,1,1,1,1,0,1,1,3,1,1,1,0,1,1,1,1,1,1,1,1,0,1,1,1,1,1,0,1,1.0,1,0,1,1,1,0,1,1,1,1,1,1,1,1,1,1,1,3,1,1,0,1,1,1,1,1,1,1,1,1,1,1,1,1,0,1,0,1,1,0,1,
174,116-2-174,2020-09-15 15:23:00,1/2,Cloture Motion Agreed to,On the Cloture Motion PN1538,1,1,1,1,1,0,1,0,1,1,1,1,0,3,1,1,1,1,1,3,1,1,1,1,1,1,1,1,1,1,1,1,1,1,0,1,1,3,1,1,1,0,1,1,1,1,1,1,1,1,0,1,1,1,1,1,0,1,1.0,1,0,1,1,1,0,1,1,1,1,1,1,1,1,1,1,1,3,1,0,0,1,1,1,1,1,1,1,1,1,1,1,1,1,0,1,0,1,1,1,1,
175,116-2-175,2020-09-15 17:14:00,1/2,Nomination Confirmed,On the Nomination PN1531,1,1,1,1,1,0,1,0,1,1,1,1,0,3,1,1,1,1,1,3,1,1,1,1,1,1,1,1,1,1,1,1,1,1,0,1,1,3,1,1,3,1,1,1,1,1,1,1,1,1,0,1,1,1,1,1,0,1,1.0,1,0,1,1,1,0,1,1,1,1,1,1,1,1,1,1,1,3,1,0,0,1,1,1,1,1,1,1,1,1,1,1,1,1,1,1,0,1,1,0,1,
176,116-2-176,2020-09-16 11:30:00,1/2,Nomination Confirmed,On the Nomination PN1538,1,1,1,1,1,0,1,0,1,1,1,1,0,3,1,1,1,1,1,1,1,1,1,1,1,1,1,1,1,1,1,1,1,1,0,1,1,3,1,1,1,1,1,1,1,1,1,1,1,1,0,1,1,1,1,1,0,1,1.0,1,0,1,1,1,0,1,1,1,1,1,1,1,1,1,1,1,3,1,1,0,1,1,1,1,1,1,1,1,1,1,1,1,1,1,1,3,1,1,0,1,
177,116-2-177,2020-09-16 12:17:00,1/2,Cloture Motion Agreed to,On the Cloture Motion PN1507,1,0,1,0,1,0,1,0,1,1,0,1,0,3,0,0,0,1,1,0,1,0,1,1,1,1,1,0,1,1,1,0,1,1,0,1,1,3,0,1,0,0,1,1,1,1,1,0,1,0,0,1,0,1,1,1,0,1,1.0,0,0,1,1,1,0,1,1,0,1,0,1,1,1,0,1,1,3,1,0,0,1,1,0,1,0,0,0,1,0,1,1,1,0,0,0,3,0,1,0,1,
178,116-2-178,2020-09-16 12:48:00,1/2,Cloture Motion Agreed to,On the Cloture Motion PN1439,1,0,1,0,1,0,1,0,1,1,0,1,0,3,0,0,0,1,1,0,1,0,1,1,1,1,1,0,1,1,1,0,1,1,0,1,1,3,0,1,0,0,1,1,1,1,0,0,1,0,0,1,0,1,1,1,0,1,1.0,0,0,1,1,1,0,1,1,0,1,0,1,1,1,0,1,1,3,1,0,0,1,1,0,1,0,0,0,1,0,1,1,1,0,0,0,0,0,1,0,1,
179,116-2-179,2020-09-16 15:32:00,1/2,Nomination Confirmed,On the Nomination PN1507,1,0,1,0,1,0,1,0,1,1,0,1,0,3,0,0,0,1,1,0,1,0,1,1,1,1,1,0,1,1,1,0,1,1,0,1,1,3,0,1,0,0,1,1,1,1,1,0,1,0,0,1,0,1,1,1,0,1,1.0,0,0,1,1,0,0,1,1,0,1,0,1,1,1,0,1,1,3,1,0,0,1,1,0,1,0,0,0,1,0,1,1,1,0,0,0,3,0,1,0,1,
180,116-2-180,2020-09-16 16:10:00,1/2,Nomination Confirmed,On the Nomination PN1439,1,0,1,0,1,0,1,0,1,1,0,1,0,3,0,0,0,1,1,0,1,0,1,1,1,1,1,0,1,1,1,0,1,1,0,1,1,3,0,1,0,0,1,1,1,1,0,0,1,0,0,1,0,1,1,1,0,1,1.0,0,0,1,1,1,0,1,1,0,1,0,1,1,1,0,1,1,3,1,0,0,1,1,0,1,0,0,0,1,0,1,1,1,0,0,0,3,0,1,0,1,
181,116-2-181,2020-09-16 16:41:00,1/2,Cloture Motion Agreed to,On the Cloture Motion PN1508,1,1,1,1,1,0,1,0,1,1,0,3,0,3,1,1,1,1,1,1,1,1,1,1,1,1,1,1,1,1,1,1,1,1,0,1,1,3,1,1,1,0,1,1,1,1,1,1,1,1,0,1,1,1,1,1,0,1,1.0,0,0,1,1,1,0,1,1,1,1,1,1,1,1,1,1,1,3,1,1,0,1,1,1,1,1,1,1,1,1,1,1,1,1,0,1,0,1,1,0,1,
182,116-2-182,2020-09-17 11:43:00,1/2,Nomination Confirmed,On the Nomination PN1510,1,1,0,1,0,1,1,1,0,0,1,3,1,3,1,1,1,1,1,1,1,1,0,0,1,0,0,1,1,0,0,1,1,0,1,1,1,3,1,0,1,1,0,1,1,0,1,1,1,1,1,0,1,0,0,1,1,1,1.0,1,1,3,1,1,1,0,0,1,1,1,1,1,1,1,0,0,3,0,1,1,0,0,1,1,3,1,1,0,1,0,1,1,1,1,1,1,1,1,1,1,
183,116-2-183,2020-09-17 13:27:00,1/2,Nomination Confirmed,On the Nomination PN1508,1,1,1,1,1,0,1,0,1,1,1,3,0,3,1,1,1,1,1,1,1,1,1,1,1,1,1,1,1,1,1,1,1,1,0,1,1,3,1,1,1,0,1,1,1,3,1,1,1,1,0,1,1,1,1,1,0,1,1.0,0,0,3,1,1,0,1,3,1,1,1,1,1,1,1,1,1,3,1,0,0,3,1,1,1,3,1,1,1,1,1,1,1,1,1,1,0,1,1,0,1,
184,116-2-184,2020-09-21 17:31:00,1/2,Cloture Motion Agreed to,On the Cloture Motion PN1348,1,0,1,0,1,0,1,0,1,1,0,1,0,3,1,1,1,1,1,0,1,1,1,1,1,1,1,1,1,1,1,0,1,1,0,3,1,3,1,1,0,0,1,1,1,3,1,0,1,1,0,1,1,1,1,1,0,1,1.0,0,0,3,1,1,0,1,1,1,1,0,1,1,1,1,1,1,3,1,0,0,1,1,1,1,3,0,3,3,1,1,3,1,1,0,1,0,0,1,0,1,
185,116-2-185,2020-09-22 11:30:00,1/2,Nomination Confirmed,On the Nomination PN1348,1,0,1,0,1,0,1,0,1,1,0,1,0,3,1,1,1,1,1,0,1,1,1,1,1,1,1,1,0,1,1,0,1,1,0,1,1,3,1,1,0,0,1,1,1,3,1,0,1,1,0,1,1,1,1,1,0,1,1.0,0,0,1,1,1,0,1,1,1,1,0,1,1,1,1,1,1,3,1,0,0,1,1,1,1,1,0,3,3,1,1,3,1,0,0,1,0,0,1,0,1,
186,116-2-186,2020-09-22 12:12:00,1/2,Cloture Motion Agreed to,On the Cloture Motion PN1691,1,0,1,0,1,0,1,0,1,1,0,1,0,3,0,0,0,1,1,0,1,0,1,1,1,1,1,0,0,1,1,0,1,1,0,1,1,3,0,1,0,0,1,1,1,3,0,0,1,0,0,1,0,1,1,0,0,1,1.0,0,0,1,1,0,0,1,1,0,1,0,1,1,1,0,1,1,3,1,0,0,1,1,0,1,0,0,3,3,0,1,3,1,0,0,0,0,0,1,0,1,
187,116-2-187,2020-09-22 14:16:00,1/2,Nomination Confirmed,On the Nomination PN1691,1,0,1,0,1,0,1,0,1,1,0,1,0,3,0,0,0,1,1,0,1,0,1,1,1,1,1,0,0,1,1,0,1,1,0,1,1,3,0,1,0,0,1,1,1,3,0,0,1,0,0,1,0,1,1,0,0,1,1.0,0,0,1,1,0,0,1,1,0,1,0,1,1,1,0,1,1,3,1,0,0,1,1,0,1,0,0,3,3,0,1,3,1,0,0,0,0,0,1,0,1,
188,116-2-188,2020-09-22 14:56:00,1/2,Cloture Motion Agreed to,On the Cloture Motion PN1694,1,0,1,0,1,0,1,0,1,1,0,1,0,3,0,0,0,1,1,0,1,0,1,1,1,1,1,0,0,1,1,0,1,1,0,1,1,3,0,1,0,0,1,1,1,3,1,0,1,0,0,1,0,1,1,1,0,1,1.0,0,0,1,1,0,0,1,1,0,1,0,1,1,1,0,1,1,3,1,0,0,1,1,0,1,1,0,3,3,0,1,3,1,0,0,0,0,0,1,0,1,
189,116-2-189,2020-09-22 17:25:00,1/2,Nomination Confirmed,On the Nomination PN1694,1,0,1,0,1,0,1,0,1,1,0,1,0,3,0,0,0,1,1,0,1,0,1,1,1,1,1,0,0,1,1,0,1,1,0,1,1,3,0,1,0,0,1,1,1,3,1,0,1,0,0,1,0,1,1,1,0,1,1.0,0,0,1,1,0,0,1,1,0,1,0,1,1,1,0,1,1,3,1,0,0,1,1,0,1,1,0,3,3,0,1,3,1,0,0,0,0,0,1,0,1,
190,116-2-190,2020-09-23 11:45:00,1/2,Cloture Motion Agreed to,On the Cloture Motion PN1314,1,1,0,1,0,0,1,1,0,0,1,1,1,3,1,1,1,1,1,1,1,1,0,1,1,0,0,1,1,0,1,1,1,0,1,1,1,3,1,0,0,0,0,1,1,3,1,1,0,1,1,0,1,0,1,1,1,1,1.0,1,1,0,1,1,1,1,1,1,1,1,1,1,1,1,0,1,1,0,1,0,0,0,1,1,1,1,1,0,1,0,1,1,1,1,1,1,1,1,1,0,
191,116-2-191,2020-09-23 16:08:00,1/2,Nomination Confirmed,On the Nomination PN1314,1,1,0,1,0,0,1,1,0,0,1,1,1,3,1,1,1,1,1,1,1,1,0,0,1,0,0,1,1,0,1,1,1,0,1,1,1,3,1,0,0,1,0,1,1,3,1,1,0,1,1,0,1,0,1,1,1,1,1.0,1,1,0,1,1,1,0,1,1,1,1,1,1,1,1,0,1,1,0,1,0,0,0,1,1,1,1,1,0,1,0,1,1,1,1,1,1,1,1,1,0,
192,116-2-192,2020-09-23 16:43:00,1/2,Cloture Motion Agreed to,On the Cloture Motion PN1922,1,1,1,1,1,0,1,1,1,1,1,1,1,3,1,1,1,1,1,1,1,1,1,1,1,1,1,1,1,1,1,1,1,1,1,1,1,3,1,1,1,0,1,1,1,3,1,1,1,1,1,1,1,1,1,1,1,1,3.0,1,1,1,1,1,1,1,1,1,1,1,1,1,1,1,1,1,1,1,1,0,1,1,1,1,1,1,1,1,1,1,1,1,1,1,1,1,1,1,1,1,
193,116-2-193,2020-09-23 17:15:00,1/2,Nomination Confirmed,On the Nomination PN1693,1,1,0,1,0,1,0,1,0,0,1,0,1,3,1,1,1,1,1,1,1,1,0,0,0,0,0,1,1,0,0,1,0,0,1,1,1,3,1,0,1,1,0,0,0,3,1,1,0,1,1,0,1,0,0,1,1,0,0.0,1,1,3,1,1,1,0,0,1,0,1,0,0,0,1,0,0,1,0,1,1,0,0,1,0,1,1,1,0,1,0,1,0,1,1,1,1,1,0,1,0,
194,116-2-194,2020-09-24 11:37:00,1/2,Nomination Confirmed,On the Nomination PN1922,1,1,1,1,1,0,1,1,1,1,1,1,1,3,1,1,1,1,1,1,1,1,1,1,1,1,1,1,1,1,1,1,1,1,1,1,1,3,1,1,1,1,1,1,1,3,1,1,1,1,1,1,1,1,1,1,1,1,1.0,1,1,3,1,1,1,1,1,1,1,1,1,1,1,1,1,1,3,1,1,0,1,1,1,1,1,1,1,1,1,1,1,1,1,1,1,1,1,1,1,1,
195,116-2-195,2020-09-24 13:41:00,1/2,Motion to Proceed Agreed to,On the Motion to Proceed H.R. 8337,1,1,1,1,1,1,1,1,1,1,1,1,1,3,1,1,1,3,1,1,1,1,1,1,1,0,1,1,1,1,1,1,1,1,1,1,1,3,1,1,1,1,1,1,1,3,1,1,1,1,1,1,1,1,1,1,1,1,1.0,1,1,3,1,1,1,0,1,1,1,1,1,1,1,1,1,1,1,1,1,1,1,1,1,1,1,1,1,1,1,1,1,1,1,1,1,1,1,1,1,1,
196,116-2-196,2020-09-29 17:32:00,3/5,Cloture Motion Agreed to,On the Cloture Motion H.R. 8337,3,1,1,1,3,1,3,1,1,1,1,1,1,1,1,1,1,1,1,3,1,1,1,1,1,0,1,1,1,1,1,1,1,1,1,1,1,3,1,0,1,1,1,1,1,1,1,1,1,1,1,1,1,0,0,1,1,1,1.0,1,1,3,1,1,1,0,1,1,1,1,1,1,1,1,1,3,3,3,3,1,1,1,1,1,1,1,1,1,3,1,3,0,1,1,1,1,1,1,1,1,
197,116-2-197,2020-09-30 17:17:00,1/2,Bill Passed,On Passage of the Bill H.R. 8337,3,1,1,1,0,1,1,1,1,0,1,1,1,1,1,1,1,1,1,1,1,1,1,1,1,0,1,1,1,1,1,1,1,1,1,1,1,3,1,0,1,1,1,1,1,0,1,1,1,1,1,1,1,0,0,1,1,1,1.0,1,1,3,1,1,1,0,1,1,1,1,1,1,1,1,1,3,3,1,1,1,0,1,1,1,1,1,1,1,3,1,1,0,1,1,1,1,1,1,1,1,
198,116-2-198,2020-09-30 18:03:00,1/2,Motion to Proceed Agreed to,On the Motion to Proceed S. 178,3,0,1,0,1,0,1,0,1,1,0,1,0,1,0,0,0,1,1,0,1,0,1,1,1,1,1,0,0,1,1,0,1,1,0,1,1,3,0,1,0,0,1,1,1,1,0,0,1,0,0,1,0,0,1,0,0,1,1.0,0,0,3,1,0,0,0,1,0,1,0,1,1,1,0,1,3,3,1,0,0,1,1,0,1,0,0,0,1,3,1,1,1,0,0,0,0,0,1,0,1,
199,116-2-199,2020-09-30 18:32:00,1/2,Motion to Table Failed,On the Motion to Table S.Amdt. 2673 to S.Amdt. 2652 to S. 178 (UIGHUR Act of 2019),3,1,0,1,0,1,0,1,0,0,1,0,1,0,1,1,1,0,0,1,0,1,0,0,0,1,0,1,1,0,0,1,0,0,1,0,0,3,1,0,1,1,0,0,0,0,1,1,0,1,1,0,1,1,0,1,1,0,0.0,1,1,3,0,1,1,1,0,1,0,1,0,0,0,1,0,3,3,0,1,1,0,0,1,0,1,1,1,0,3,0,0,0,1,1,1,1,1,0,1,0,
200,116-2-200,2020-10-01 13:05:00,3/5,Cloture on the Motion to Proceed Rejected,On Cloture on the Motion to Proceed S. 4653,3,1,0,1,0,1,0,1,0,0,1,0,1,0,1,1,1,0,1,1,0,1,0,0,0,0,0,1,1,0,1,1,0,1,1,3,0,3,1,0,1,1,0,0,0,0,1,1,0,1,1,0,1,3,0,1,1,0,1.0,1,1,0,1,1,1,0,0,1,0,1,0,0,0,1,0,3,1,0,1,1,0,0,1,0,1,1,1,1,3,0,0,0,1,1,1,1,1,0,1,0,
201,116-2-201,2020-10-19 17:39:00,1/2,Motion to Proceed Rejected,On the Motion to Proceed H.J.Res. 90,0,1,0,1,0,1,0,1,0,0,1,0,1,0,1,1,1,0,1,1,0,1,0,0,0,0,0,1,1,0,0,1,0,0,1,0,0,3,1,0,1,1,0,0,0,0,3,3,0,1,1,0,1,0,0,1,1,0,3.0,1,1,0,3,1,3,3,0,1,0,1,0,0,0,1,0,3,1,0,1,1,0,0,1,0,3,1,1,0,1,0,0,0,1,1,1,1,1,0,1,0,
202,116-2-202,2020-10-19 18:24:00,1/2,Motion to Table Agreed to,On the Motion to Table S. 178,1,0,1,0,1,0,3,0,1,1,0,1,0,1,0,0,0,1,1,0,1,0,1,1,1,1,1,0,0,1,1,0,1,1,0,1,1,3,0,1,0,0,1,1,1,1,3,3,1,0,0,1,0,1,1,0,0,1,3.0,0,0,1,3,0,3,3,1,0,1,0,1,1,1,0,1,3,0,1,0,0,1,1,0,1,3,0,0,1,0,1,1,1,0,0,0,0,0,1,0,1,
203,116-2-203,2020-10-20 16:05:00,1/2,Motion to Table Failed,On the Motion to Table S.Amdt. 2680 to S.Amdt. 2652 to S. 178 (UIGHUR Act of 2019),0,1,0,1,0,1,0,1,0,0,1,0,1,0,1,1,1,0,0,1,0,1,0,0,0,0,0,1,1,0,0,1,0,0,1,0,0,3,0,0,1,1,0,0,0,0,0,1,0,1,1,0,1,0,0,1,1,0,0.0,1,1,0,0,1,1,3,0,0,0,1,0,0,0,1,0,0,1,0,1,1,0,0,0,0,3,1,1,0,1,0,0,0,1,1,0,1,1,0,1,0,
204,116-2-204,2020-10-20 16:48:00,1/2,Motion to Table Failed,On the Motion to Table S. 4675,0,1,0,1,0,1,0,1,0,0,1,0,1,0,1,1,1,0,0,1,0,1,0,0,0,0,0,1,1,0,0,1,0,0,1,0,0,3,1,0,1,1,0,0,0,0,1,1,0,1,1,0,1,0,0,1,1,0,0.0,1,1,0,0,1,1,3,0,1,0,1,0,0,0,1,0,0,1,0,1,1,0,0,1,0,3,1,1,0,1,0,0,0,1,1,1,1,1,0,1,0,
205,116-2-205,2020-10-20 17:13:00,1/2,Motion to Proceed Agreed to,On the Motion to Proceed PN1663,1,0,1,0,1,0,1,0,1,1,0,1,0,1,0,0,0,1,1,0,1,0,1,1,1,1,1,0,0,1,1,0,1,1,0,1,1,3,0,1,0,0,1,1,1,1,3,0,1,0,0,1,0,1,1,0,0,1,1.0,0,0,1,1,0,0,3,1,0,1,0,1,1,1,0,1,1,0,1,0,0,1,1,3,1,3,0,0,1,0,1,1,1,0,0,0,0,0,1,0,1,
206,116-2-206,2020-10-20 17:44:00,1/2,Motion to Table Agreed to,On the Motion to Table PN1663,1,0,1,0,1,0,1,0,1,1,0,1,0,1,0,0,0,1,1,0,1,0,1,1,1,1,1,0,0,1,1,0,1,1,0,1,1,3,0,1,0,0,1,1,1,1,0,0,1,0,0,1,0,1,1,0,0,1,1.0,0,0,1,1,0,0,3,1,0,1,0,1,1,1,0,1,1,0,1,0,0,1,1,3,1,3,0,3,1,0,1,1,1,0,0,0,0,0,1,0,1,
207,116-2-207,2020-10-21 13:04:00,3/5,Cloture Motion Rejected,On the Cloture Motion S. 178,1,0,1,0,1,0,1,0,1,1,0,1,0,1,0,0,0,1,1,0,1,0,1,1,1,1,1,0,0,1,1,0,1,1,0,1,1,3,0,1,0,0,1,1,1,1,0,0,1,0,0,1,0,1,1,3,0,1,1.0,0,0,1,3,0,0,3,1,0,1,0,1,1,1,0,1,1,0,1,0,0,1,1,0,1,3,0,0,1,0,1,1,1,0,0,0,0,0,1,0,1,
208,116-2-208,2020-10-21 13:44:00,1/2,Motion to Table Agreed to,On the Motion to Table PN1663,1,0,1,0,1,0,1,0,1,1,0,1,0,1,0,0,0,1,1,0,1,0,1,1,1,1,1,0,0,1,1,0,1,1,0,1,1,3,0,1,0,0,1,1,1,1,0,0,1,0,0,1,0,1,1,3,0,1,1.0,0,0,1,3,0,0,3,1,0,1,0,1,1,1,0,1,1,0,1,0,0,1,1,0,1,3,0,0,1,0,1,1,1,0,0,0,0,0,1,0,1,
209,116-2-209,2020-10-21 17:58:00,1/2,Motion to Table Agreed to,On the Motion to Table PN1663,1,0,1,0,1,0,1,0,1,1,0,1,0,1,0,0,0,1,1,0,1,0,1,1,1,1,1,0,0,1,1,3,1,1,0,1,1,3,0,1,0,0,1,1,1,1,0,0,1,0,0,1,0,1,1,3,0,1,1.0,0,0,1,1,0,0,1,1,0,1,0,1,1,1,0,1,1,3,1,0,0,1,1,0,1,3,0,0,1,0,1,1,1,0,0,0,0,0,1,3,1,
210,116-2-210,2020-10-22 12:59:00,1/2,Motion to Proceed Rejected,On the Motion to Proceed PN1663,0,1,0,1,0,1,0,1,0,0,1,0,1,0,1,1,1,0,1,1,0,1,0,0,0,0,0,1,1,0,0,1,0,0,1,0,0,3,1,0,1,1,0,0,0,0,3,1,0,1,1,0,1,0,0,1,1,0,0.0,1,1,0,0,1,1,0,0,1,0,1,0,0,0,1,0,3,1,0,1,1,0,0,1,0,3,1,1,0,1,0,0,0,1,1,1,1,1,0,1,0,
211,116-2-211,2020-10-22 13:51:00,1/2,Cloture Motion Agreed to,On the Cloture Motion PN1663,1,0,1,0,1,0,1,0,1,1,1,1,1,1,0,1,0,1,1,0,1,1,1,1,1,1,1,0,0,1,1,0,1,1,0,1,1,3,1,1,0,0,1,1,1,1,3,1,1,0,0,1,1,1,1,1,0,1,1.0,0,0,1,1,0,0,1,1,1,1,0,1,1,1,1,1,1,0,1,0,0,1,1,1,1,3,0,0,1,1,1,1,1,0,0,1,0,0,1,0,1,
212,116-2-212,2020-10-22 14:21:00,1/2,Decision of Chair Sustained,On the Decision of the Chair PN1663,1,0,1,0,1,0,1,0,1,1,0,1,0,1,0,0,0,1,1,0,1,0,1,1,1,1,1,0,0,1,1,0,1,1,0,1,1,3,0,1,0,0,1,1,1,1,3,0,1,0,0,1,0,1,1,0,0,1,1.0,0,0,1,1,0,0,1,1,0,1,0,1,1,1,0,1,1,0,1,0,0,1,1,0,1,3,0,0,1,0,1,1,1,0,0,0,0,0,1,0,1,
213,116-2-213,2020-10-22 16:21:00,1/2,Nomination Confirmed,On the Nomination PN1663,1,0,1,0,1,0,1,0,1,1,1,1,1,1,0,1,0,1,1,0,1,1,1,1,1,1,1,0,0,1,1,1,1,1,0,1,1,3,1,1,0,0,1,1,1,1,3,1,1,0,0,1,1,1,1,1,0,1,1.0,0,0,1,1,0,0,1,1,1,1,0,1,1,1,1,1,1,0,1,0,0,1,1,1,1,3,0,0,1,1,1,1,1,0,0,1,0,0,1,0,1,
214,116-2-214,2020-10-22 16:57:00,1/2,Motion Agreed to,On the Motion (Motion to Recess),1,0,1,0,1,0,1,0,1,1,0,1,0,1,0,0,0,1,1,0,1,0,1,1,1,1,1,0,0,1,1,0,1,1,0,1,1,3,0,1,0,0,1,1,1,1,3,3,1,0,0,1,0,1,1,0,0,1,1.0,0,0,1,1,0,0,1,1,0,1,0,1,1,1,0,1,1,0,1,0,0,1,1,0,1,3,0,0,1,0,1,1,1,0,0,0,0,0,1,0,1,
215,116-2-215,2020-10-23 12:17:00,1/2,Motion to Proceed Agreed to,On the Motion to Proceed PN2252,1,0,1,0,1,0,1,3,1,1,0,1,0,1,0,0,0,1,1,0,1,0,1,1,1,1,1,0,0,1,1,0,1,1,0,1,1,3,0,1,0,0,1,1,1,1,3,0,1,0,0,1,0,1,1,0,0,1,1.0,0,0,1,1,0,0,1,1,0,1,0,1,1,1,0,1,1,0,1,0,0,1,1,0,1,3,0,0,1,0,1,1,1,0,0,0,0,0,1,0,1,
216,116-2-216,2020-10-23 13:03:00,1/2,Motion Agreed to,On the Motion (Motion to Open the Doors),3,3,3,3,3,3,3,3,3,3,3,3,3,3,3,3,3,3,3,3,3,3,3,3,3,3,3,3,3,3,3,3,3,3,3,3,3,3,3,3,3,3,3,3,3,3,3,3,3,3,3,3,3,3,3,3,3,3,3.0,3,3,3,3,3,3,3,3,3,3,3,3,3,3,3,3,3,3,3,3,3,3,3,3,3,3,3,3,3,3,3,3,3,3,3,3,3,3,3,3,3,
217,116-2-217,2020-10-23 13:17:00,1/2,Motion to Proceed Agreed to,On the Motion to Proceed PN2252,1,0,1,0,1,0,1,0,1,1,0,1,0,1,0,0,0,1,0,0,1,0,1,1,1,1,1,0,0,1,1,0,1,1,0,1,1,3,0,1,0,0,1,1,1,1,3,0,1,0,0,1,0,1,1,0,0,1,1.0,0,0,1,0,0,0,1,1,0,1,0,1,1,1,0,1,1,0,1,0,0,1,1,0,1,3,0,0,1,0,1,1,1,0,0,0,0,0,1,0,1,
218,116-2-218,2020-10-23 14:01:00,1/2,Motion to Table Agreed to,On the Motion to Table PN2252,1,0,1,0,1,0,1,0,1,1,0,1,0,1,0,0,0,1,1,0,1,0,1,1,1,1,1,0,0,1,1,0,1,1,0,1,1,3,0,1,0,0,1,1,1,1,3,0,1,0,0,1,0,1,1,0,0,1,1.0,0,0,1,1,0,0,1,1,0,1,0,1,1,1,0,1,1,0,1,0,0,1,1,0,1,3,0,0,1,0,1,1,1,0,0,0,0,0,1,0,1,
219,116-2-219,2020-10-23 14:18:00,1/2,Motion to Table Motion to Recommit Agreed to,On the Motion to Table the Motion to Recommit PN2252,1,0,1,0,1,0,1,0,1,1,0,1,0,1,0,0,0,1,1,0,1,0,1,1,1,1,1,0,0,1,1,0,1,1,0,1,1,3,0,1,0,0,1,1,1,1,3,0,1,0,0,1,0,1,1,0,0,1,1.0,0,0,1,1,0,0,1,1,0,1,0,1,1,1,0,1,1,0,1,0,0,1,1,0,1,3,0,0,1,0,1,1,1,0,0,0,0,0,1,0,1,
220,116-2-220,2020-10-23 14:44:00,1/2,Motion to Table Agreed to,On the Motion to Table PN2252,1,0,1,0,1,0,1,0,1,1,0,1,0,1,0,0,0,1,1,0,1,0,1,1,1,1,1,0,0,1,1,0,1,1,0,1,1,3,0,1,0,0,1,1,1,1,3,0,1,0,0,1,0,1,1,0,0,1,1.0,0,0,1,1,0,0,1,1,0,1,0,1,1,1,0,1,1,0,1,0,0,1,1,3,1,3,0,0,1,0,1,1,1,0,0,0,0,0,1,0,1,
221,116-2-221,2020-10-23 15:08:00,1/2,Motion Agreed to,On the Motion (Motion to Recess),1,0,1,0,1,0,1,0,1,1,0,1,0,1,0,0,0,1,1,0,1,0,1,1,1,1,1,0,0,1,1,0,1,1,0,1,1,3,0,1,0,0,1,1,1,1,3,0,1,0,0,1,0,1,1,0,0,1,1.0,0,0,1,1,0,0,1,1,0,1,0,1,1,1,0,1,1,0,1,0,0,1,1,3,1,3,0,0,1,0,1,1,1,0,0,0,0,0,1,0,1,
222,116-2-222,2020-10-25 13:04:00,1/2,Cloture Motion Agreed to,On the Cloture Motion PN2252,1,0,1,0,1,0,1,0,1,1,0,1,0,1,0,0,0,1,0,0,1,0,1,1,1,1,1,0,0,1,1,0,1,1,0,1,1,3,0,1,0,0,1,1,1,1,0,0,1,0,0,1,0,1,1,0,0,1,1.0,0,0,1,0,0,0,1,1,0,1,0,1,1,1,0,1,1,0,1,0,0,1,1,0,1,0,0,0,1,0,1,1,1,0,0,0,0,0,1,0,1,
223,116-2-223,2020-10-26 17:13:00,1/2,Decision of Chair Sustained,On the Decision of the Chair PN2252,1,0,1,0,1,0,1,0,1,1,0,1,0,1,0,0,0,1,1,0,1,0,1,1,1,1,1,0,0,1,1,0,1,1,0,1,1,3,0,1,0,0,1,1,1,1,0,0,1,0,0,1,0,1,1,0,0,1,1.0,0,0,1,1,0,0,1,1,0,1,0,1,1,1,0,1,1,0,1,0,0,1,1,0,1,0,0,0,1,0,1,1,1,0,0,0,0,0,1,0,1,
224,116-2-224,2020-10-26 19:52:00,1/2,Nomination Confirmed,On the Nomination PN2252,1,0,1,0,1,0,1,0,1,1,0,1,0,1,0,0,0,1,0,0,1,0,1,1,1,1,1,0,0,1,1,0,1,1,0,1,1,0,0,1,0,0,1,1,1,1,0,0,1,0,0,1,0,1,1,0,0,1,1.0,0,0,1,1,0,0,1,1,0,1,0,1,1,1,0,1,1,0,1,0,0,1,1,0,1,0,0,0,1,0,1,1,1,0,0,0,0,0,1,0,1,
225,116-2-225,2020-11-09 17:31:00,1/2,Cloture Motion Agreed to,On the Cloture Motion PN1661,3,0,1,0,1,0,1,0,1,1,1,1,3,1,3,1,0,1,1,1,1,3,1,1,1,1,3,0,0,1,1,1,1,1,0,1,1,3,1,3,3,0,1,1,1,1,1,1,1,0,0,1,1,1,1,1,0,1,1.0,0,0,3,1,1,3,1,1,1,1,1,1,1,1,0,1,1,0,1,3,0,1,1,1,1,3,0,0,3,3,1,1,1,0,0,1,0,1,1,0,3,
226,116-2-226,2020-11-10 14:16:00,1/2,Nomination Confirmed,On the Nomination PN1661,3,0,1,0,1,0,1,0,1,1,1,1,3,1,0,1,0,1,1,1,1,1,1,1,1,1,1,0,0,1,1,1,1,1,0,1,1,3,1,3,3,0,1,1,1,1,1,1,1,0,0,1,1,1,1,1,0,1,1.0,0,0,3,1,1,3,1,1,1,1,1,1,1,1,0,1,1,0,1,3,0,1,1,1,1,3,0,0,3,3,1,1,1,0,0,1,0,1,1,0,3,
227,116-2-227,2020-11-12 12:01:00,1/2,Cloture Motion Agreed to,On the Cloture Motion PN1919,3,0,1,0,1,3,1,0,1,3,0,1,3,1,0,1,0,1,1,1,1,1,1,1,1,1,1,0,3,1,1,1,1,1,0,1,1,3,1,1,3,0,1,1,1,1,1,1,1,0,0,1,1,1,3,1,0,1,1.0,3,0,3,1,1,3,3,1,0,1,0,3,1,1,1,1,1,3,1,3,0,1,1,3,1,3,0,3,3,3,1,1,1,0,0,1,0,3,1,0,3,
228,116-2-228,2020-11-12 13:43:00,1/2,Nomination Confirmed,On the Nomination PN1919,3,0,1,0,1,3,1,0,1,3,0,3,3,1,0,1,0,1,1,1,1,1,1,1,1,1,1,0,3,1,1,1,1,1,0,1,1,3,1,1,3,0,1,1,1,1,1,1,1,0,0,1,1,1,3,1,0,1,1.0,3,0,3,1,1,3,3,1,0,1,0,3,1,1,1,1,1,3,1,3,0,1,1,3,1,3,0,3,3,3,1,1,1,0,0,1,0,3,1,0,3,
229,116-2-229,2020-11-16 17:31:00,1/2,Cloture Motion Agreed to,On the Cloture Motion PN1742,3,0,1,0,1,3,1,0,1,1,0,1,0,1,3,0,0,1,1,3,1,0,1,1,1,1,3,0,0,1,1,0,1,1,0,1,1,3,0,1,0,0,1,1,1,1,0,0,1,0,0,1,0,1,1,1,0,1,1.0,0,0,1,1,0,3,1,1,0,1,0,1,1,1,0,1,1,3,1,0,0,3,1,0,1,1,0,0,1,0,1,1,1,0,0,0,0,3,1,0,3,
230,116-2-230,2020-11-17 11:03:00,1/2,Nomination Confirmed,On the Nomination PN1742,3,0,1,0,1,0,1,0,1,1,0,1,0,1,0,0,0,1,1,0,1,0,1,1,1,1,1,0,0,1,1,0,1,1,0,1,3,3,0,1,0,0,1,1,1,1,1,0,1,0,0,1,0,1,1,1,0,1,1.0,0,0,1,1,0,0,1,1,0,1,0,1,1,1,0,1,1,0,1,0,0,3,1,0,1,1,0,0,1,0,1,1,1,0,0,0,0,0,1,0,1,
231,116-2-231,2020-11-17 11:49:00,1/2,Cloture Motion Agreed to,On the Cloture Motion PN2205,3,0,1,0,1,0,1,0,1,1,0,1,0,1,0,0,0,1,1,0,1,0,1,1,1,1,1,0,0,1,1,0,1,1,0,1,3,3,0,1,0,0,1,1,1,1,0,0,1,0,0,1,0,1,1,1,0,1,1.0,0,0,1,1,0,0,1,1,0,1,0,1,1,1,0,1,1,0,1,0,0,3,1,0,1,1,0,0,1,0,1,1,1,0,0,0,0,0,1,0,1,
232,116-2-232,2020-11-17 14:15:00,1/2,Nomination Confirmed,On the Nomination PN2205,3,0,1,0,1,0,1,0,1,1,0,1,0,1,0,0,0,1,1,0,1,0,1,1,1,1,1,0,0,1,1,0,1,1,0,1,3,3,0,1,0,0,1,1,1,1,0,0,1,0,0,1,0,1,1,1,0,1,1.0,0,0,1,1,0,0,1,1,0,1,0,1,1,1,0,1,1,0,1,0,0,3,1,0,1,1,0,0,1,0,1,1,1,0,0,0,0,0,1,0,1,
233,116-2-233,2020-11-17 14:58:00,1/2,Cloture Motion Rejected,On the Cloture Motion PN1422,3,0,1,0,1,0,1,0,1,1,0,1,0,1,0,0,0,1,0,0,1,0,1,1,1,1,1,0,0,1,1,0,1,1,0,1,3,0,0,1,0,0,1,1,1,1,0,0,1,0,0,1,0,1,1,0,0,0,1.0,0,0,1,1,0,0,1,1,0,1,0,1,1,0,0,1,1,0,1,0,0,3,1,0,1,0,0,0,1,0,1,1,1,0,0,0,0,0,1,0,1,
234,116-2-234,2020-11-17 15:37:00,1/2,Cloture Motion Agreed to,On the Cloture Motion PN1920,3,0,1,0,1,0,1,0,1,1,0,1,0,1,0,0,0,1,1,0,1,0,1,1,1,1,1,0,0,1,1,0,1,1,0,1,3,3,0,1,0,0,1,1,1,1,0,0,1,0,0,1,0,1,1,1,0,1,1.0,0,0,1,1,0,0,1,1,0,1,0,1,1,1,0,1,1,0,1,0,0,3,1,0,1,0,0,0,1,0,1,1,1,0,0,0,3,0,1,0,1,
235,116-2-235,2020-11-17 18:12:00,1/2,Nomination Confirmed,On the Nomination PN1920,3,0,1,0,1,0,1,0,1,1,0,1,0,1,0,3,0,1,1,0,1,0,1,1,1,1,1,0,0,1,1,3,1,1,0,3,3,3,0,1,0,0,1,1,1,1,0,0,1,0,0,1,0,1,1,1,0,1,1.0,0,0,1,1,0,0,1,1,0,1,0,1,1,1,0,1,1,0,1,0,0,3,1,0,1,0,0,0,1,0,1,1,1,0,0,0,0,0,1,0,1,
236,116-2-236,2020-11-18 11:01:00,1/2,Cloture Motion Agreed to,On the Cloture Motion PN1328,3,0,1,0,1,0,1,0,1,1,0,1,0,1,0,0,0,1,1,0,1,0,1,1,1,1,1,0,0,1,1,3,1,3,0,1,3,3,0,1,0,0,1,1,1,1,0,0,1,0,0,1,0,1,1,0,0,1,1.0,0,0,1,1,0,0,1,1,0,1,0,1,1,1,0,1,1,3,1,0,0,3,1,0,1,0,0,0,1,0,1,1,1,0,0,0,0,0,1,0,1,
237,116-2-237,2020-11-18 14:17:00,1/2,Nomination Confirmed,On the Nomination PN1328,3,0,1,0,1,0,1,0,1,1,0,1,0,1,0,0,0,1,1,0,1,0,1,1,1,1,1,0,0,1,1,3,1,3,0,1,3,3,0,1,0,0,1,1,1,1,0,0,1,0,0,1,0,1,1,0,0,1,1.0,0,0,1,1,0,0,1,1,0,1,0,1,1,1,0,1,1,3,1,0,0,3,1,0,1,0,0,0,1,0,1,1,1,0,0,0,0,3,1,0,1,
238,116-2-238,2020-11-18 15:00:00,1/2,Cloture Motion Agreed to,On the Cloture Motion PN2208,3,0,1,0,1,0,1,0,1,1,0,1,0,1,0,0,0,1,1,0,1,0,1,1,1,1,1,0,0,1,1,3,1,3,0,1,3,3,0,1,0,0,1,1,1,1,0,0,1,0,0,1,0,1,1,0,0,1,1.0,0,0,1,1,0,3,1,1,0,1,0,1,1,1,0,1,1,3,1,0,0,3,1,0,1,0,0,0,1,0,1,1,1,0,0,0,0,0,1,0,1,
239,116-2-239,2020-11-18 16:37:00,1/2,Nomination Confirmed,On the Nomination PN2208,3,0,1,0,1,0,1,0,1,1,0,1,0,1,0,0,0,1,1,0,1,0,1,1,1,1,1,0,0,1,1,3,1,3,0,1,3,3,0,1,0,0,1,1,1,1,0,0,1,0,0,1,0,1,1,0,0,1,1.0,0,0,1,1,0,3,1,1,0,1,0,1,1,1,0,1,1,3,1,0,0,3,1,0,1,0,0,0,1,0,1,1,1,3,0,0,0,3,1,0,1,
240,116-2-240,2020-11-30 17:32:00,1/2,Cloture Motion Agreed to,On the Cloture Motion PN2094,1,0,1,0,1,0,1,0,1,1,0,1,0,1,1,0,0,1,1,0,1,0,1,1,1,1,1,0,0,1,1,0,1,1,0,1,1,3,0,1,3,0,1,1,3,1,1,0,1,0,0,1,0,1,3,1,0,1,3.0,0,0,1,1,0,3,1,1,0,1,0,1,1,1,0,1,3,3,1,3,0,1,1,0,1,3,0,0,1,0,1,1,1,0,0,0,3,3,1,0,1,
241,116-2-241,2020-12-01 10:59:00,1/2,Nomination Confirmed,On the Nomination PN2094,1,0,1,0,1,0,1,0,1,1,0,1,0,1,1,0,0,1,1,0,1,0,1,1,1,1,1,0,0,1,1,0,1,1,0,1,1,3,0,3,0,0,1,1,3,1,1,0,1,0,0,1,0,1,3,1,0,1,3.0,0,0,1,1,0,0,1,1,0,1,0,1,1,1,0,1,1,3,1,3,0,1,1,0,1,1,0,0,1,0,1,1,1,0,0,0,0,3,1,0,1,
242,116-2-242,2020-12-01 11:43:00,1/2,Cloture Motion Agreed to,On the Cloture Motion PN1660,1,0,1,0,1,0,1,0,1,1,1,1,0,1,0,1,0,1,1,0,1,0,1,1,1,1,1,0,0,1,1,0,1,1,0,1,1,3,1,1,0,0,1,1,3,1,1,0,1,0,0,1,0,1,3,1,0,1,3.0,0,0,1,1,1,0,1,1,0,1,0,1,1,1,0,1,1,3,1,3,0,1,1,0,1,1,0,0,1,1,1,1,1,0,0,0,0,3,1,0,1,
243,116-2-243,2020-12-01 14:16:00,1/2,Nomination Confirmed,On the Nomination PN1660,1,0,1,0,1,0,1,0,1,1,1,1,0,1,0,1,0,1,1,0,1,0,1,1,1,1,1,0,0,1,1,0,1,1,0,1,1,3,1,1,0,0,1,1,3,1,1,0,1,0,0,1,0,1,3,1,0,1,3.0,0,0,1,1,1,0,1,1,0,1,0,1,1,1,0,1,1,3,1,3,0,1,1,0,1,1,0,0,1,1,1,1,1,0,0,0,0,3,1,0,1,
244,116-2-244,2020-12-01 15:02:00,1/2,Cloture Motion Agreed to,On the Cloture Motion PN2023,1,0,1,0,1,0,1,0,1,1,0,1,0,1,0,0,0,1,1,0,1,0,1,1,1,1,1,0,0,1,1,0,1,1,0,1,1,3,1,1,0,0,1,1,3,1,1,0,1,1,0,1,0,1,3,0,0,1,3.0,0,0,1,1,0,0,1,1,0,1,0,1,1,1,0,1,1,3,1,3,0,1,1,1,1,1,0,0,1,0,1,1,1,0,0,1,0,3,1,0,1,
245,116-2-245,2020-12-02 12:08:00,1/2,Nomination Confirmed,On the Nomination PN2023,1,0,1,0,1,0,1,0,1,1,0,1,0,1,0,0,0,1,1,0,1,0,1,1,1,1,1,0,0,1,1,0,1,1,0,1,1,3,1,1,0,0,1,1,1,1,1,0,1,1,0,1,0,1,3,0,0,1,3.0,0,0,1,1,0,0,1,1,0,1,0,1,1,1,0,1,1,3,1,3,0,1,1,0,1,1,0,0,1,0,1,1,1,0,0,1,0,0,1,0,1,
246,116-2-246,2020-12-02 12:44:00,1/2,Cloture Motion Agreed to,On the Cloture Motion PN1433,1,0,1,0,1,0,1,0,1,1,0,1,0,1,0,0,0,1,1,0,1,0,1,1,1,1,1,0,0,1,1,0,1,1,0,1,1,3,0,1,0,0,1,1,1,1,0,0,1,0,0,1,0,1,3,0,0,1,3.0,0,0,1,1,0,0,1,1,0,1,0,1,1,1,0,1,1,3,1,3,0,1,1,0,1,0,0,0,1,0,1,1,1,0,0,0,0,0,1,0,1,
247,116-2-247,2020-12-02 13:15:00,1/2,Cloture Motion Agreed to,On the Cloture Motion PN1423,1,0,1,0,1,0,1,0,1,1,0,1,0,1,0,0,0,1,1,0,1,0,1,1,1,1,1,0,0,1,1,0,1,1,0,1,1,3,0,1,0,0,1,1,1,1,0,0,1,0,0,1,0,1,3,0,0,1,3.0,0,0,1,1,0,0,0,1,0,1,0,1,1,1,0,1,1,3,1,3,0,1,1,0,1,0,0,0,1,0,1,1,1,0,0,0,0,0,1,0,1,
248,116-2-248,2020-12-02 14:10:00,1/2,Nomination Confirmed,On the Nomination PN1433,1,0,1,0,1,0,1,0,1,1,0,1,0,1,0,0,0,1,1,0,1,0,1,1,1,1,1,0,0,1,1,0,1,1,0,1,1,3,0,1,0,0,1,1,1,1,0,0,1,0,0,1,0,1,3,0,0,1,,0,0,1,1,0,0,1,1,0,1,0,1,1,1,0,1,1,3,1,3,0,1,1,0,1,0,0,0,1,0,1,1,1,0,0,0,0,0,1,0,1,0.0
249,116-2-249,2020-12-02 15:57:00,3/5,Amendment Rejected,On the Amendment S.Amdt. 2689 to S. 578 (ALS Disability Insurance Access Act of 2019),1,0,1,0,1,0,1,0,1,1,0,1,0,1,0,0,0,1,0,0,1,0,0,1,1,1,1,0,0,1,1,0,1,1,0,1,1,3,0,0,0,0,1,1,1,1,0,0,1,0,0,1,0,1,3,0,0,1,,0,0,1,1,0,0,1,1,0,1,0,1,1,1,0,1,1,3,1,0,0,1,1,0,1,0,0,0,1,0,1,1,1,0,0,0,0,0,1,0,1,0.0
250,116-2-250,2020-12-02 16:38:00,3/5,Bill Passed,On Passage of the Bill S. 578,1,1,1,1,1,1,1,1,1,1,1,1,1,1,1,1,1,1,1,1,1,1,1,1,1,1,1,1,1,1,1,1,1,1,1,1,1,3,1,1,1,1,1,1,1,1,1,1,1,1,1,1,1,0,3,1,1,1,,1,1,1,1,1,1,1,1,1,1,1,1,1,1,1,1,1,3,1,1,1,1,1,1,1,1,1,1,1,1,1,1,1,1,1,1,1,1,1,1,1,1.0
251,116-2-251,2020-12-03 11:30:00,1/2,Nomination Confirmed,On the Nomination PN1423,1,0,1,0,1,0,1,0,1,1,0,1,0,1,0,0,0,1,1,0,1,0,1,1,1,1,1,0,0,1,1,0,1,1,0,3,1,3,0,1,0,0,1,1,1,1,0,0,1,0,0,1,0,1,3,0,0,1,,0,0,1,1,0,0,0,3,0,1,0,1,1,1,0,1,1,3,1,0,0,1,1,0,1,0,0,0,1,0,1,1,1,0,0,0,0,0,1,0,1,0.0
252,116-2-252,2020-12-03 12:09:00,1/2,Cloture Motion Agreed to,On the Cloture Motion PN1913,1,0,1,0,1,0,1,0,1,1,0,1,0,1,1,1,0,1,1,0,1,0,1,1,1,1,1,0,0,1,1,0,1,1,0,3,1,3,1,1,0,0,1,1,1,1,1,0,1,1,0,1,0,1,3,1,0,1,,0,0,1,1,1,0,1,3,0,1,1,1,1,1,0,1,1,3,1,0,0,1,1,1,1,1,0,0,1,1,1,1,1,0,0,0,0,0,1,0,1,1.0
253,116-2-253,2020-12-03 13:42:00,1/2,Nomination Confirmed,On the Nomination PN1913,1,0,1,0,1,0,1,0,1,1,0,3,0,1,1,1,0,1,1,0,1,0,1,1,1,1,1,0,0,1,1,0,1,1,0,1,1,3,1,1,0,0,1,1,3,1,1,0,1,1,0,1,0,1,3,1,0,1,,0,0,1,1,1,0,1,3,0,3,1,1,1,1,0,1,1,3,1,0,0,1,1,1,1,1,0,0,1,1,1,1,1,0,0,0,0,0,1,0,1,1.0
254,116-2-254,2020-12-07 17:26:00,1/2,Cloture Motion Agreed to,On the Cloture Motion PN1384,1,0,1,0,1,0,1,0,1,1,0,1,0,1,3,0,0,1,1,0,1,0,1,1,1,1,1,0,0,1,1,0,1,1,0,1,1,3,0,1,0,0,1,1,1,1,0,0,1,0,0,1,0,1,3,0,0,1,,0,0,1,1,0,0,1,3,0,1,0,1,1,1,0,3,1,0,1,0,0,1,1,0,1,0,0,0,1,0,1,1,3,0,0,0,0,0,1,0,1,0.0
255,116-2-255,2020-12-08 12:05:00,1/2,Cloture Motion Agreed to,On the Cloture Motion PN2239,1,0,1,0,1,0,1,0,1,1,0,1,0,1,0,0,0,1,1,0,1,0,1,1,1,1,1,0,0,1,1,0,1,1,0,1,1,3,0,1,0,0,1,1,1,1,0,0,1,0,0,1,0,1,3,0,0,1,,0,0,1,1,0,0,1,3,0,1,0,1,1,1,0,3,1,0,1,0,0,1,1,0,1,0,0,0,1,0,1,1,1,0,0,0,0,0,1,0,1,0.0
256,116-2-256,2020-12-08 16:00:00,1/2,Nomination Confirmed,On the Nomination PN1384,1,0,1,0,1,0,1,0,1,1,0,1,0,1,0,0,0,1,1,0,1,0,1,1,1,1,1,0,0,1,1,0,1,1,0,1,1,3,0,1,0,0,1,1,1,1,0,0,1,0,0,1,0,1,3,0,0,1,,0,0,1,1,0,0,1,3,0,1,0,1,1,1,0,3,1,0,1,0,0,1,1,0,1,0,0,0,1,0,1,1,1,0,0,0,0,0,1,0,1,0.0
257,116-2-257,2020-12-08 16:43:00,1/2,Nomination Confirmed,On the Nomination PN2239,1,0,1,0,1,0,1,0,1,1,0,1,0,1,0,0,0,1,1,0,1,0,1,1,1,1,1,0,0,1,1,0,1,1,0,1,1,3,0,1,0,0,1,1,1,1,0,0,1,0,0,1,0,1,3,0,0,1,,0,0,1,1,0,0,1,3,0,1,0,1,1,1,0,3,1,0,1,0,0,1,1,0,1,0,0,0,1,0,1,1,1,0,0,0,0,3,1,0,1,0.0
258,116-2-258,2020-12-09 11:00:00,1/2,Nomination Confirmed,On the Nomination PN2237,1,0,1,0,1,0,1,0,1,1,0,1,0,1,0,0,0,1,1,0,1,0,1,1,1,1,1,0,0,1,1,0,1,1,0,1,1,3,0,1,0,0,1,1,1,1,0,0,1,0,0,1,0,1,3,0,0,1,,0,0,1,1,0,0,1,3,0,1,0,1,1,1,0,3,1,0,1,0,0,1,1,0,1,0,0,0,1,0,1,1,1,0,0,0,0,0,1,0,1,0.0
259,116-2-259,2020-12-09 11:37:00,1/2,Nomination Confirmed,On the Nomination PN2302,1,1,1,1,1,1,1,1,1,1,1,1,1,1,1,1,1,1,1,1,1,1,1,1,1,0,1,1,1,1,1,1,1,1,1,1,1,3,1,0,1,1,1,1,1,1,1,1,1,1,1,1,1,1,3,1,1,1,,1,1,1,1,1,1,0,3,1,1,1,1,1,1,1,3,1,1,1,1,1,0,1,1,1,1,1,1,1,1,1,1,1,1,1,1,1,1,1,1,1,1.0
260,116-2-260,2020-12-09 12:07:00,1/2,Nomination Confirmed,On the Nomination PN2303,1,0,1,0,1,0,1,0,1,1,0,1,0,1,0,0,0,1,1,0,1,0,1,1,1,1,1,0,0,1,1,0,1,1,0,1,1,3,0,1,0,0,1,1,1,1,0,0,1,1,0,1,0,1,3,0,0,1,,0,0,1,1,0,0,1,3,0,1,0,1,1,1,0,3,1,0,1,0,0,1,1,0,1,0,0,0,1,0,1,1,1,0,0,0,0,0,1,0,1,0.0
261,116-2-261,2020-12-09 16:29:00,1/2,Motion to Discharge Rejected,On the Motion to Discharge S.J.Res. 77,0,1,0,1,0,1,0,1,0,0,1,0,1,0,1,1,1,0,0,1,0,1,0,0,0,0,0,1,1,0,0,1,0,0,1,0,0,3,1,0,1,1,0,0,0,0,1,1,0,1,1,0,1,0,3,1,1,0,,1,1,0,0,1,1,1,3,1,0,1,0,0,0,1,3,0,1,0,1,1,0,0,1,0,0,1,1,0,1,0,0,0,1,1,1,1,1,0,1,0,0.0
262,116-2-262,2020-12-09 17:20:00,1/2,Motion to Discharge Rejected,On the Motion to Discharge S.J.Res. 78,0,1,0,1,0,1,0,1,0,0,1,0,1,0,1,1,1,0,0,1,0,1,0,0,0,0,0,1,1,0,0,1,0,0,1,0,0,3,1,0,1,1,0,0,0,0,1,1,0,1,1,0,1,0,3,1,1,0,,1,1,0,0,1,1,1,3,1,0,1,0,0,0,1,3,0,1,0,1,1,0,0,1,0,0,1,1,0,1,0,0,0,1,1,1,1,1,0,1,0,1.0
263,116-2-263,2020-12-11 10:33:00,3/5,Cloture Motion Agreed to,On the Cloture Motion H.R. 6395,1,1,1,1,1,1,1,0,1,0,1,1,1,1,1,1,1,1,1,1,1,1,0,1,1,0,1,1,1,1,1,1,1,1,1,3,1,1,1,0,1,1,1,1,1,1,1,1,0,1,1,1,1,0,3,1,0,1,,1,0,1,1,1,1,0,1,1,1,1,1,1,1,1,3,1,0,1,1,1,1,1,1,1,1,1,1,1,1,1,1,1,1,1,1,0,1,1,0,1,1.0
264,116-2-264,2020-12-11 12:30:00,1/2,Conference Report Agreed to,On the Conference Report H.R. 6395,1,1,1,1,1,1,1,0,1,0,1,1,1,1,1,1,1,1,1,1,1,1,0,1,1,0,1,1,1,1,1,1,1,1,1,3,1,3,1,0,1,1,1,1,1,1,1,1,0,1,1,1,1,0,1,1,0,1,,1,0,1,1,1,1,0,1,1,1,1,1,1,1,1,3,1,0,1,1,1,1,1,1,1,1,1,1,1,1,1,1,1,1,1,1,0,1,1,0,1,1.0
265,116-2-265,2020-12-14 17:31:00,1/2,Cloture Motion Agreed to,On the Cloture Motion PN2333,1,0,1,0,1,0,1,0,1,1,0,1,0,1,3,0,0,1,1,0,1,0,1,1,1,1,1,0,0,1,1,0,1,1,0,1,1,3,0,1,3,0,1,1,1,1,0,0,1,0,0,1,0,1,3,1,0,1,,0,0,1,1,0,0,1,3,0,1,0,1,1,1,0,1,3,0,3,0,0,1,1,0,1,1,0,0,1,0,1,1,1,0,0,0,0,0,1,0,1,1.0
266,116-2-266,2020-12-15 16:57:00,1/2,Nomination Confirmed,On the Nomination PN2333,1,0,1,0,1,0,1,0,1,1,0,1,0,1,0,0,0,1,1,0,1,0,1,1,1,1,1,0,0,1,1,0,3,1,0,1,1,3,0,1,0,0,1,1,1,1,0,0,1,0,0,1,0,1,3,1,0,1,,0,0,1,1,0,0,1,3,0,1,0,1,1,1,0,1,3,0,1,0,0,1,1,0,1,1,0,0,1,0,1,1,1,0,0,0,0,0,1,0,1,1.0
267,116-2-267,2020-12-15 17:39:00,1/2,Cloture Motion Agreed to,On the Cloture Motion PN2247,1,0,1,0,1,0,1,0,1,1,0,1,0,1,0,0,0,1,1,0,1,0,1,1,1,1,1,0,0,1,1,0,3,1,0,1,1,3,0,1,0,0,1,1,1,1,0,0,1,0,0,1,0,1,3,0,0,1,,0,0,1,1,0,0,1,3,0,1,0,1,1,1,0,1,3,0,1,0,0,1,1,0,1,0,0,0,1,0,1,1,1,0,0,0,0,0,1,0,1,0.0
268,116-2-268,2020-12-16 11:36:00,1/2,Nomination Confirmed,On the Nomination PN2247,1,0,1,0,1,0,1,0,1,1,0,1,0,1,0,0,0,1,1,0,1,0,1,1,1,1,1,0,0,3,1,0,3,1,0,1,1,3,0,1,0,0,1,1,1,1,0,0,1,0,0,1,0,1,3,0,0,1,,0,0,1,1,0,0,1,3,0,1,0,1,1,1,0,1,1,0,1,0,0,1,1,0,1,0,0,0,1,0,1,1,1,0,0,0,0,0,1,0,1,0.0
269,116-2-269,2020-12-16 12:14:00,1/2,Cloture Motion Agreed to,On the Cloture Motion PN2294,1,0,1,0,1,0,1,0,1,1,0,1,0,1,0,0,0,1,1,0,1,0,1,1,1,1,1,0,0,3,1,0,3,1,0,1,1,3,0,1,0,0,1,1,1,1,1,0,1,1,0,1,0,1,3,1,0,1,,0,0,1,1,0,0,1,3,0,1,1,1,1,1,0,1,1,0,1,0,0,1,1,0,1,1,0,0,1,1,1,1,1,0,0,0,0,1,1,0,1,1.0
270,116-2-270,2020-12-16 14:47:00,1/2,Nomination Confirmed,On the Nomination PN2294,1,0,1,0,1,0,1,0,1,1,0,1,0,1,0,0,0,1,1,0,1,0,1,1,1,1,1,0,0,3,1,0,3,1,0,1,1,3,0,1,0,0,1,1,1,1,1,0,1,1,0,1,0,1,3,1,0,1,,0,0,1,1,0,0,1,3,0,1,1,1,1,1,0,1,1,0,1,0,0,1,1,0,1,1,0,0,1,1,1,1,1,0,0,0,0,1,1,0,1,1.0
271,116-2-271,2020-12-16 15:29:00,1/2,Cloture Motion Agreed to,On the Cloture Motion PN2246,1,0,1,0,1,0,1,0,1,1,0,1,0,1,0,0,0,1,1,0,1,0,1,1,1,1,1,0,0,3,1,0,3,1,0,1,1,3,0,1,0,0,1,1,1,1,1,0,1,0,0,1,0,1,3,1,0,1,,0,0,1,1,0,0,1,3,0,1,0,1,1,1,0,1,1,0,1,0,0,1,1,0,1,1,0,0,1,1,1,1,1,0,0,0,0,1,1,0,1,1.0
272,116-2-272,2020-12-17 11:30:00,1/2,Nomination Confirmed,On the Nomination PN2246,1,0,1,0,1,0,1,0,1,1,0,1,0,1,0,0,0,1,1,0,1,0,1,1,1,1,1,0,0,3,1,0,3,1,0,1,1,3,0,1,0,0,1,1,1,1,1,0,1,0,0,1,0,1,3,1,0,1,,0,0,1,1,0,0,1,3,0,1,0,1,1,1,0,1,1,0,1,0,0,1,1,0,1,1,0,0,1,1,1,1,1,0,0,0,0,1,1,0,1,1.0
273,116-2-273,2020-12-17 12:13:00,1/2,Cloture Motion Agreed to,On the Cloture Motion PN2209,1,0,1,0,1,0,1,0,1,1,0,1,0,1,0,0,0,1,1,0,1,0,1,1,1,1,1,0,0,3,1,0,3,1,0,1,1,3,0,1,0,0,1,1,1,1,3,0,1,0,0,1,0,1,3,0,0,1,,0,0,1,1,0,0,1,3,0,1,0,1,1,1,0,1,1,0,1,0,0,1,1,0,1,1,0,0,1,1,1,1,1,0,0,0,0,1,1,0,1,1.0
274,116-2-274,2020-12-17 14:48:00,1/2,Nomination Confirmed,On the Nomination PN2209,1,0,1,0,1,0,1,0,1,1,0,1,0,1,0,0,0,1,1,0,1,0,1,1,1,1,1,0,0,3,1,0,3,1,0,1,1,3,0,1,0,0,1,1,1,1,0,0,1,0,0,1,0,1,3,0,0,1,,0,0,1,1,0,0,1,3,0,1,0,1,1,1,0,1,1,0,1,0,0,1,1,0,1,1,0,0,1,1,1,1,1,0,0,0,0,1,1,0,1,1.0
275,116-2-275,2020-12-19 12:00:00,1/2,Cloture Motion Agreed to,On the Cloture Motion PN2093,1,0,1,0,1,0,3,1,1,1,0,3,0,1,0,0,0,1,1,0,1,0,1,1,1,3,1,0,0,3,3,0,3,1,0,1,1,3,1,1,0,0,1,1,1,1,0,0,1,1,0,1,0,1,3,1,0,1,,1,0,1,1,0,0,3,3,0,3,0,3,1,1,1,3,1,0,1,0,0,1,1,0,1,1,0,0,1,0,1,1,1,0,0,1,0,1,1,0,1,1.0
276,116-2-276,2020-12-19 14:38:00,1/2,Nomination Confirmed,On the Nomination PN2093,1,0,1,0,1,0,3,1,1,1,0,3,0,1,0,1,0,1,1,0,1,0,1,1,1,3,1,0,0,3,3,0,3,1,0,1,1,3,1,1,0,0,1,1,1,1,0,0,1,1,0,1,0,1,3,1,0,1,,1,0,1,1,0,0,3,3,0,3,0,3,1,1,1,3,1,0,1,0,0,1,1,0,1,1,0,0,1,0,1,1,1,0,0,1,0,1,1,0,1,1.0
277,116-2-277,2020-12-19 15:17:00,1/2,Cloture Motion Rejected,On the Cloture Motion PN1425,1,0,1,0,1,0,3,0,1,1,0,3,0,1,0,0,0,1,1,0,1,0,1,1,1,3,1,0,0,3,3,0,3,1,0,1,1,3,0,1,0,0,1,1,1,1,0,0,1,0,0,1,0,1,3,0,0,0,,0,0,1,1,0,0,3,3,0,3,0,3,1,1,0,3,1,0,1,0,0,1,1,0,1,0,0,0,1,0,1,1,1,0,0,0,0,0,1,0,1,0.0
278,116-2-278,2020-12-19 15:40:00,1/2,Cloture Motion Rejected,On the Cloture Motion PN2029,1,0,1,0,1,0,3,0,1,1,0,3,0,1,0,0,0,1,1,0,1,0,1,1,1,3,1,0,0,3,3,0,3,1,0,1,1,3,0,1,0,0,1,1,1,1,0,0,1,0,0,1,0,1,3,0,0,0,,0,0,1,1,0,0,3,3,0,3,0,3,1,1,0,3,1,0,1,0,0,1,1,0,1,0,0,0,1,0,1,1,1,0,0,0,0,0,1,0,1,0.0
279,116-2-279,2020-12-19 16:17:00,1/2,Cloture Motion Agreed to,On the Cloture Motion PN1609,1,0,1,1,1,0,3,0,1,1,1,3,0,1,0,1,0,1,1,1,1,0,1,1,1,3,1,0,1,3,3,1,3,1,0,1,1,3,1,1,0,3,1,1,1,1,1,1,1,1,0,1,1,1,3,1,0,1,,0,0,1,1,1,0,3,3,1,3,1,3,1,1,0,3,1,0,1,1,0,1,1,0,1,1,0,0,1,1,1,1,1,0,0,1,0,1,1,0,1,1.0
280,116-2-280,2020-12-19 18:01:00,1/2,Nomination Confirmed,On the Nomination PN1609,3,0,1,1,1,0,3,0,1,1,1,3,0,1,0,1,0,1,1,1,1,0,1,1,1,3,1,0,1,3,3,3,3,1,0,1,1,3,1,1,0,0,1,1,1,1,1,1,1,1,0,1,1,1,3,3,0,1,,0,0,1,1,1,1,3,3,1,3,1,3,1,1,0,3,1,0,1,1,0,1,1,0,1,1,0,0,1,1,1,1,1,0,0,1,0,1,1,0,1,1.0
281,116-2-281,2020-12-20 13:33:00,1/2,Cloture Motion Agreed to,On the Cloture Motion PN1610,3,1,1,1,1,0,1,1,1,1,1,3,1,1,1,1,1,1,1,1,1,1,1,1,1,3,1,0,1,3,1,1,3,1,1,1,1,3,1,1,1,1,1,1,1,1,1,1,1,1,1,1,1,1,3,1,0,1,,1,1,1,1,1,1,3,3,1,1,1,3,1,1,1,3,1,0,1,1,1,1,1,1,1,1,1,1,1,1,1,1,1,1,1,1,0,1,1,1,1,1.0
282,116-2-282,2020-12-20 16:05:00,1/2,Nomination Confirmed,On the Nomination PN1610,3,1,1,1,1,0,1,1,1,1,1,3,1,1,1,1,1,1,1,1,1,1,1,1,1,3,1,0,1,3,1,1,3,1,1,1,1,3,1,1,1,1,1,1,1,1,1,1,1,1,1,1,1,1,3,1,0,1,,1,1,1,1,1,1,3,3,1,1,1,3,1,1,1,3,1,0,1,1,1,1,1,1,1,1,1,1,1,1,1,1,1,1,1,1,0,1,1,1,1,1.0
283,116-2-283,2020-12-20 16:43:00,1/2,Cloture Motion Agreed to,On the Cloture Motion PN1380,3,1,1,1,3,0,1,1,1,1,1,3,1,1,1,1,1,1,1,1,1,1,1,1,1,3,1,1,1,3,1,1,3,1,1,1,1,3,1,0,1,0,1,1,1,1,1,1,1,1,1,1,1,0,3,1,0,1,,1,1,1,1,1,1,3,3,1,1,1,1,1,1,1,3,1,0,1,1,1,1,1,1,1,1,1,1,1,1,1,1,1,1,1,1,0,1,1,1,1,1.0
284,116-2-284,2020-12-20 19:13:00,1/2,Nomination Confirmed,On the Nomination PN1380,3,1,1,1,3,0,1,1,1,1,1,3,1,1,1,1,1,1,1,1,1,1,1,1,1,3,1,1,1,3,1,3,3,1,1,1,1,3,1,0,1,1,1,1,1,1,1,1,1,1,1,1,1,0,3,1,0,1,,1,1,1,1,1,1,0,3,1,1,1,1,1,1,1,3,1,0,0,1,1,1,1,1,1,1,1,3,1,1,1,1,1,1,1,1,0,1,1,1,1,1.0
285,116-2-285,2020-12-21 17:40:00,1/2,Motion to Proceed Agreed to,On the Motion to Proceed PN2029,1,0,1,0,1,0,1,0,1,1,0,1,0,1,0,0,0,1,1,0,1,0,1,1,1,1,1,0,0,3,1,0,1,1,0,1,1,3,0,1,0,0,1,1,1,1,0,0,1,0,0,1,0,1,3,3,0,1,,0,0,1,1,0,0,1,3,0,1,0,1,1,1,0,3,1,0,1,0,0,1,1,0,1,0,0,0,1,0,1,1,1,0,0,0,0,0,1,0,1,0.0
286,116-2-286,2020-12-21 18:24:00,1/2,Motion to Reconsider Agreed to,On the Motion to Reconsider PN2029,1,0,1,0,1,0,1,0,1,1,0,1,0,1,0,0,0,1,1,0,1,0,1,1,1,1,1,0,0,3,1,0,1,1,0,1,1,3,0,1,0,0,1,1,1,1,0,0,1,0,0,1,0,1,3,3,0,1,,0,0,1,1,0,0,1,3,0,1,0,1,1,1,0,3,1,0,1,0,0,1,1,0,1,0,0,0,1,0,1,1,1,0,0,0,0,0,1,0,1,0.0
287,116-2-287,2020-12-21 18:51:00,1/2,Cloture Motion Agreed to,On the Cloture Motion PN2029,1,0,1,0,1,0,1,0,1,1,0,1,0,1,0,0,0,1,1,0,1,0,1,1,1,1,1,0,0,3,1,0,1,1,0,1,1,3,0,1,0,0,1,1,1,1,0,3,1,0,0,1,0,1,3,3,0,1,,0,0,1,1,0,0,1,3,0,1,0,1,1,1,0,3,1,3,1,0,0,1,1,0,1,0,0,0,1,0,1,1,1,0,0,0,0,0,1,0,1,0.0
288,116-2-288,2020-12-21 21:29:00,1/2,Nomination Confirmed,On the Nomination PN2029,1,0,1,0,1,0,1,0,1,1,0,1,0,1,0,0,0,1,1,0,1,0,1,1,1,1,1,0,0,3,1,0,1,1,0,1,1,3,0,1,0,0,1,1,1,1,0,0,1,0,0,1,0,1,3,0,0,1,,0,0,1,1,0,0,1,3,0,1,0,1,1,1,0,3,1,0,1,0,0,1,1,0,1,0,0,0,1,0,1,1,1,0,0,0,0,0,1,0,1,0.0
289,116-2-289,2020-12-21 22:48:00,3/5,Motion Agreed to,On the Motion (Motion to Concur in the House Amendment to the Senate Amendment to H.R. 133),1,1,1,1,0,1,1,1,1,1,1,1,1,1,1,1,1,1,1,1,1,1,1,1,1,0,1,1,1,3,1,1,1,1,1,1,1,1,1,1,1,1,1,1,1,0,1,1,1,1,1,1,1,0,1,1,1,1,,1,1,1,1,1,1,0,1,1,1,1,1,1,1,1,3,1,1,1,1,1,0,1,1,1,1,1,1,1,1,1,1,1,1,1,1,1,1,1,1,1,1.0
290,116-2-290,2020-12-30 17:16:00,1/2,Motion to Proceed Agreed to,On the Motion to Proceed H.R. 6395,1,1,1,1,3,1,1,1,1,0,1,1,1,1,1,1,1,1,1,1,1,1,3,1,1,0,1,1,1,1,1,1,1,3,1,3,1,1,1,0,1,1,1,1,1,1,3,1,0,1,1,1,1,0,3,1,0,1,,1,0,1,1,1,1,0,3,1,1,1,1,1,1,1,1,3,0,1,1,1,1,1,1,1,1,1,1,1,1,1,1,1,1,0,1,0,1,1,0,1,1.0
291,116-2-291,2021-01-01 13:01:00,3/5,Cloture Motion Agreed to,On the Cloture Motion H.R. 6395,1,1,1,1,1,1,1,0,1,0,1,1,1,1,1,1,1,1,1,1,1,1,3,1,1,3,1,1,1,1,1,1,1,3,1,3,1,1,1,0,1,1,1,1,1,1,3,1,0,1,1,1,1,0,3,1,0,1,,1,0,1,1,1,1,0,3,1,1,1,1,1,1,1,1,1,0,3,1,1,1,1,1,1,1,1,1,1,1,1,1,1,1,0,1,0,1,1,0,1,1.0
292,116-2-292,2021-01-01 13:38:00,2/3,Veto Overridden,On Overriding the Veto H.R. 6395,1,1,1,1,1,1,1,0,1,0,1,1,1,1,1,1,1,1,1,1,1,1,0,1,1,0,1,1,1,1,1,1,1,3,1,3,1,1,1,0,1,1,1,1,1,1,3,1,0,1,1,1,1,0,3,1,0,1,,1,0,1,1,1,1,0,3,1,1,1,1,1,1,1,1,1,0,3,1,1,1,1,1,1,1,1,1,1,1,1,1,1,1,1,1,0,1,1,0,1,1.0
